fold,model_name,target,rff_component_count,train_rmse,val_rmse,train_rmse_unscaled,val_rmse_unscaled,train_r2,val_r2
0,terramind_v1_small,bio04,32,0.7695141686672526,0.7135783831912907,3.4738798493747898,3.221364390953457,0.407847944220347,0.3648620131669521
1,terramind_v1_small,bio04,32,0.7618532491616701,0.7023096611706634,3.475770258301471,3.20411711512342,0.41957962674180627,0.31705179471198985
2,terramind_v1_small,bio04,32,0.7658038063161605,0.7885417801266069,3.417489126362459,3.5189599810844814,0.4135445302316805,0.29657048946159337
3,terramind_v1_small,bio04,32,0.7854907469622222,0.8107844472973836,3.404152875231338,3.513770485300993,0.38300428643673023,0.4545522009396009
4,terramind_v1_small,bio04,32,0.7758949108852644,0.9421229413051644,3.299220913337035,4.006047302429434,0.39798708726234755,0.39112566009214367
0,terramind_v1_small,bio04,64,0.7766052318141595,0.7388930880214905,3.5058916081283775,3.3356446129706003,0.3968843139188756,0.3189987241341896
1,terramind_v1_small,bio04,64,0.7739534192333187,0.7195474652730716,3.5309743420924513,3.2827604001464126,0.40099610485705484,0.28311519057198864
2,terramind_v1_small,bio04,64,0.7703562565814988,0.8171002347777087,3.43780496879163,3.646405425694592,0.4065512379457401,0.24469590948776532
3,terramind_v1_small,bio04,64,0.784297315770553,0.8578623426520529,3.3989807921589006,3.717796254275267,0.3848777204751055,0.38937077883296534
4,terramind_v1_small,bio04,64,0.7964614308113814,0.9040652855964159,3.3866728245653674,3.8442204763516665,0.3656491892298871,0.4393238272208808
0,terramind_v1_small,bio04,128,0.5838111392023502,0.5720285014315548,2.635545694429114,2.582354344171201,0.6591645537432542,0.5918497621577974
1,terramind_v1_small,bio04,128,0.5736982549707541,0.5798210622918051,2.617358832976917,2.6452926352831003,0.6708703122435116,0.5345013164035157
2,terramind_v1_small,bio04,128,0.5809284455196257,0.624317474770681,2.592461188554978,2.786089797201313,0.6625221411861513,0.5590573088658674
3,terramind_v1_small,bio04,128,0.5947022782387239,0.6507780914999284,2.577315490766139,2.820336349397668,0.6463292002576714,0.6485947683522557
4,terramind_v1_small,bio04,128,0.6053914744940119,0.6723274332680031,2.5742148651892784,2.858836558814606,0.6335011626099661,0.6899196983576175
0,terramind_v1_small,bio04,256,0.5154522370306643,0.5325809681212432,2.326947590427243,2.4042731656946312,0.7343089913400839,0.6462014870391428
1,terramind_v1_small,bio04,256,0.5132819192853171,0.5015720279015514,2.341723987966705,2.2883004525827126,0.7365416713347812,0.6516650114588927
2,terramind_v1_small,bio04,256,0.519025471674879,0.5549900703895342,2.316211923492037,2.4767081386734917,0.7306125597526694,0.6515490987273918
3,terramind_v1_small,bio04,256,0.5248187537965103,0.600048698448303,2.2744548876980053,2.600485748648635,0.7245652756634778,0.7012448701904246
4,terramind_v1_small,bio04,256,0.5388568362910232,0.6086863991455539,2.2912996582189535,2.588225386603404,0.7096333099824295,0.7458443851512007
0,terramind_v1_small,bio04,512,0.42475233659332445,0.43326394183764705,1.9174937171234099,1.9559182992343134,0.8195854525585112,0.7658523459736921
1,terramind_v1_small,bio04,512,0.41572623915806695,0.4451175011777552,1.8966499118368578,2.030740392645882,0.8271716940754897,0.725665881722908
2,terramind_v1_small,bio04,512,0.42024017037715466,0.4864205776709431,1.8753709512839907,2.17070875966992,0.82339819920138,0.7323328686697608
3,terramind_v1_small,bio04,512,0.4306866736415426,0.49977764866485336,1.8665061095112598,2.1659319564210566,0.8145089891475834,0.7927492867122005
4,terramind_v1_small,bio04,512,0.44576526885057494,0.4899958061778524,1.8954604249181763,2.083535282692762,0.8012933250865747,0.8352986195909597
0,terramind_v1_small,bio04,1024,0.3634159429761238,0.40112395186619226,1.6405978931998055,1.8108261551827414,0.8679288523907748,0.7993025251759621
1,terramind_v1_small,bio04,1024,0.35792564071648886,0.40585646600434383,1.63294873345017,1.8516214658025874,0.871889235717691,0.7719261879444139
2,terramind_v1_small,bio04,1024,0.36411260954825475,0.4323717772115612,1.6248951428611693,1.929509663081526,0.8674220075679602,0.7885119455624955
3,terramind_v1_small,bio04,1024,0.36941088607954914,0.4513704151855991,1.6009496407997594,1.9561451161644345,0.8635355972459224,0.8309525767991164
4,terramind_v1_small,bio04,1024,0.3823049296268549,0.4501751365633817,1.6256175946480182,1.9142118482731856,0.8538429407830055,0.8609805637028325
0,terramind_v1_small,bio04,2048,0.3119744893056236,0.3768697569388525,1.4083715947092066,1.7013334934828328,0.9026719180224954,0.8228393386890968
1,terramind_v1_small,bio04,2048,0.31233091527115275,0.3568831718366585,1.4249338824687354,1.6281927173528155,0.902449399365884,0.823647093071205
2,terramind_v1_small,bio04,2048,0.3132982469426952,0.3974495134495448,1.3981301054734467,1.7736649760381884,0.9018442084626339,0.8212956576947784
3,terramind_v1_small,bio04,2048,0.31924436064281286,0.4119369221613004,1.3835383939014687,1.7852485875836328,0.8980830381977616,0.859199624002234
4,terramind_v1_small,bio04,2048,0.3302570472204242,0.412894363016295,1.4043022380959185,1.7556884425637815,0.8909302827612465,0.8830526404412823
0,terramind_v1_small,bio04,4096,0.28010451159479705,0.35707000124220856,1.264498387972014,1.6119498567351507,0.9215414625842402,0.8409654634029223
1,terramind_v1_small,bio04,4096,0.2812385808017576,0.3434849771198951,1.2830826670714213,1.5670667120891983,0.9209048606686132,0.8366399050859622
2,terramind_v1_small,bio04,4096,0.2824044664290923,0.3767766689553978,1.2602629964090164,1.6814099914417369,0.9202477173408997,0.8394023556877843
3,terramind_v1_small,bio04,4096,0.28517802593115954,0.3985816070116219,1.235902010671944,1.727369437917814,0.9186734935260069,0.8681813429942044
4,terramind_v1_small,bio04,4096,0.29567935194331374,0.3991077850415682,1.2572727184584385,1.6970658508816518,0.912573720834382,0.8907320206959851
0,terramind_v1_small,bio04,8192,0.2561498051119141,0.34034527549980026,1.1563577282539135,1.5364480845145791,0.9343872773411285,0.8555145315704302
1,terramind_v1_small,bio04,8192,0.2569113739204486,0.33250406395860804,1.1720957014854612,1.5169689715470467,0.9339965459503075,0.8469179046531896
2,terramind_v1_small,bio04,8192,0.2565676427123924,0.36572911601811137,1.144963148401456,1.632108993416089,0.9341730447130061,0.8486821232681412
3,terramind_v1_small,bio04,8192,0.25976242101550784,0.3848063475491623,1.1257560845863366,1.6676703410779214,0.932523484628162,0.87713538344902
4,terramind_v1_small,bio04,8192,0.2701723431165254,0.38079802447488065,1.148813115358691,1.6192100235645583,0.9270069050149264,0.9005277625967174
0,terramind_v1_small,bio04,16384,0.2411701306840411,0.3302864200045987,1.0887337774459325,1.4910385836770257,0.9418369680658425,0.8639288193633319
1,terramind_v1_small,bio04,16384,0.24199432032042947,0.3229932953109537,1.1040402724832858,1.4735784020148848,0.9414387489326533,0.8555500162538848
2,terramind_v1_small,bio04,16384,0.24198771871285923,0.35308515972970206,1.0798985313524614,1.5756838615126607,0.9414419439921461,0.8589639633684593
3,terramind_v1_small,bio04,16384,0.24451555109492204,0.37475291887177614,1.0596793335782373,1.6241008796009857,0.9402121452727465,0.8834714282966818
4,terramind_v1_small,bio04,16384,0.25421479743092973,0.3715868258551787,1.080959252758706,1.580042634652251,0.9353748367671514,0.9052818668638063
0,terramind_v1_base,bio04,32,0.8810301780810323,0.8212330951628469,3.9773055615084463,3.7073587371887697,0.2237858253105045,0.15876447723324205
1,terramind_v1_base,bio04,32,0.8709334816586848,0.8083096690787113,3.973422304198704,3.687716375872982,0.24147487052588135,0.09533866219531384
2,terramind_v1_base,bio04,32,0.8830702120599602,0.8800466961546689,3.9408041883431464,3.9273113838039886,0.22018700057237695,0.12384165883154163
3,terramind_v1_base,bio04,32,0.8855672961582359,0.9776666883786493,3.837863740801225,4.237003275696303,0.21577056397499128,0.206907193425387
4,terramind_v1_base,bio04,32,0.8998662947065026,1.0226829799592558,3.826365732577423,4.348600604010809,0.19024065165118986,0.2825451600388901
0,terramind_v1_base,bio04,64,0.7399139249245484,0.6775078653871216,3.3402530848788516,3.0585283626860873,0.4525273837027497,0.42745002441002744
1,terramind_v1_base,bio04,64,0.7320034391628357,0.677086101201482,3.3395877551927238,3.0890407461484592,0.46417096505378064,0.3652272415494051
2,terramind_v1_base,bio04,64,0.7342332350781794,0.7619255640157659,3.2766017572575654,3.4001820026489,0.460901556506631,0.343255784080177
3,terramind_v1_base,bio04,64,0.7465884696311605,0.7982004790965632,3.235558529852892,3.4592341979673913,0.4426056570138016,0.4713523046469047
4,terramind_v1_base,bio04,64,0.7442066966746032,0.9064092545677127,3.164477899188001,3.8541873802044746,0.4461563926246752,0.4364127294383
0,terramind_v1_base,bio04,128,0.6685413328599092,0.6872904600416927,3.0180500370911965,3.102690688577693,0.553052486257896,0.4107964578428488
1,terramind_v1_base,bio04,128,0.6635962020447995,0.6679672065430243,3.0274963644558994,3.047437997511573,0.5596400806317176,0.3822101542914308
2,terramind_v1_base,bio04,128,0.6787213696981168,0.6931687040740483,3.0288735591045293,3.093346464058087,0.5393373023151122,0.45643803604556543
3,terramind_v1_base,bio04,128,0.6893533165349364,0.7394762895735332,2.9875133277300767,3.2047358215431925,0.5247920049822838,0.546276909237939
4,terramind_v1_base,bio04,128,0.7006191531321051,0.7843096983906624,2.979137161465203,3.3350018545554256,0.5091328022644519,0.5780240653047812
0,terramind_v1_base,bio04,256,0.5617158929883774,0.5685736426414696,2.5357993420245357,2.5667578067358634,0.6844752555642697,0.5967650527957636
1,terramind_v1_base,bio04,256,0.5592142336361596,0.5453594622512763,2.5512790074434957,2.4880699765522913,0.6872794408987226,0.5881906640155172
2,terramind_v1_base,bio04,256,0.561207773292368,0.6046700262094108,2.5044553807019856,2.698410759864029,0.6850458351962221,0.5863737924623572
3,terramind_v1_base,bio04,256,0.5681964073332677,0.6524472077050828,2.46244458108289,2.8275699504168528,0.6771528426935673,0.6467898878603617
4,terramind_v1_base,bio04,256,0.5798565152750779,0.681167692180046,2.4656364079991486,2.896426655275948,0.6637664216930433,0.6817117579630876
0,terramind_v1_base,bio04,512,0.4583468825721486,0.4664870336250623,2.069152285486867,2.105900000110176,0.789918135236393,0.7285662348259547
1,terramind_v1_base,bio04,512,0.4475234662988767,0.48679621169869086,2.041717030648617,2.220889379154075,0.7997227471118382,0.6718859236898487
2,terramind_v1_base,bio04,512,0.45681164754267645,0.5110633600513177,2.038575449486187,2.2806800644016585,0.7913231186693456,0.7045250566457386
3,terramind_v1_base,bio04,512,0.46702681699004206,0.5273068787388808,2.0239967010548114,2.285237893462523,0.7818859522121497,0.7692884969778739
4,terramind_v1_base,bio04,512,0.4740633695922873,0.5615990546571913,2.015788170882781,2.3880029719618316,0.7752639216108064,0.7836458403820169
0,terramind_v1_base,bio04,1024,0.37279023069459005,0.41729508325289016,1.6829169945568732,1.8838288013504216,0.8610274438986744,0.7827942824766231
1,terramind_v1_base,bio04,1024,0.3729834730357932,0.3930101861657497,1.7016464322429365,1.7930134352916585,0.8608833288421578,0.7861357977787585
2,terramind_v1_base,bio04,1024,0.37230256547912843,0.45058216745488866,1.6614437794095047,2.0107756637989236,0.8613907997376593,0.770322122692182
3,terramind_v1_base,bio04,1024,0.3787131605035692,0.46436220006707457,1.6412637570931032,2.0124488022635907,0.8565763420613979,0.8210811511583729
4,terramind_v1_base,bio04,1024,0.38997395460435524,0.47868114651131227,1.658227434228566,2.0354236573846696,0.8479203147302403,0.8428171502569624
0,terramind_v1_base,bio04,2048,0.3043266969801462,0.36588930927039676,1.3738465449792454,1.6517635752321704,0.9073852615051543,0.8330124249182447
1,terramind_v1_base,bio04,2048,0.3020167013918649,0.3532369793598581,1.377877787864093,1.6115578538427182,0.9087859120803772,0.8272321983221407
2,terramind_v1_base,bio04,2048,0.3036966694640634,0.4013423877667506,1.3552819379213907,1.7910373835047693,0.9077683329564354,0.8177778248313456
3,terramind_v1_base,bio04,2048,0.30662832360727643,0.4148404520918794,1.3288631245450977,1.797831883205871,0.9059790711617913,0.8572077710879612
4,terramind_v1_base,bio04,2048,0.320525664061719,0.4059790186986393,1.3629229435842602,1.7262833660465653,0.8972632986777941,0.886937211552217
0,terramind_v1_base,bio04,4096,0.24945609128755997,0.33198881826960885,1.1261397500196546,1.4987238635869193,0.9377716585195326,0.862522498553538
1,terramind_v1_base,bio04,4096,0.24734027974216133,0.3242041555221156,1.1284299052879123,1.4791026511854226,0.9388227860170694,0.8544649374270723
2,terramind_v1_base,bio04,4096,0.2485582541731644,0.3648082139744507,1.109220308264987,1.6279993575895668,0.9382187942823886,0.8494431974962994
3,terramind_v1_base,bio04,4096,0.2524889136065472,0.36879569809177465,1.0942342268080525,1.5982835353187357,0.9362493485057856,0.8871467506916191
4,terramind_v1_base,bio04,4096,0.26184877594540273,0.36947037181673725,1.1134200596918042,1.5710431515473293,0.9314352185358943,0.9063577697799932
0,terramind_v1_base,bio04,8192,0.20338181973049294,0.30352981734769985,0.9181429556193933,1.3702491050767986,0.9586358354031133,0.8850821641335771
1,terramind_v1_base,bio04,8192,0.20253324527465252,0.29266211058888086,0.9240087062248683,1.3351997507499687,0.9589802845585175,0.8814057908976304
2,terramind_v1_base,bio04,8192,0.20157076014548186,0.33421872378305967,0.8995331187263722,1.491490178427421,0.9593692286543726,0.8736332781992785
3,terramind_v1_base,bio04,8192,0.20360759648586793,0.35048827972517466,0.8823928036046335,1.5189430030645223,0.9585439466532479,0.8980729688521004
4,terramind_v1_base,bio04,8192,0.2136081027221982,0.3440577698113127,0.9082935246788122,1.4629849785258993,0.9543715784514228,0.9187964056524678
0,terramind_v1_base,bio04,16384,0.1673298634170709,0.2868139746583574,0.7553907052145997,1.2947874279687805,0.9720007168088244,0.8973910287124227
1,terramind_v1_base,bio04,16384,0.16764305854554942,0.272473689154305,0.7648307127702065,1.2430949866896028,0.9718958049214935,0.8972031926906501
2,terramind_v1_base,bio04,16384,0.16783599371064725,0.3155086814017165,0.7489877778714448,1.4079944314332626,0.9718310792151595,0.8873856347282008
3,terramind_v1_base,bio04,16384,0.16915060638093435,0.327098018381112,0.7330634018700252,1.4175744915756148,0.9713880723609623,0.9112234627643059
4,terramind_v1_base,bio04,16384,0.17827868051801685,0.3186740907647081,0.7580675537738625,1.355049787492116,0.9682167120727548,0.9303363823193516
0,terramind_v1_large,bio04,32,0.9228930491708013,0.8484042186727142,4.1662904961746845,3.8300195606782586,0.14826841979222094,0.10217776569438286
1,terramind_v1_large,bio04,32,0.9212350074278772,0.8159167004009208,4.202910788031916,3.7224216166328605,0.1513260610893591,0.07823093784143231
2,terramind_v1_large,bio04,32,0.9212063622509362,0.9147626640021673,4.1109912223191465,4.082235451987005,0.15137883814839692,0.053353077591572595
3,terramind_v1_large,bio04,32,0.930885164312946,1.00710487743215,4.034261919387774,4.364582240510576,0.1334528108620595,0.1584270389976673
4,terramind_v1_large,bio04,32,0.9258327013759288,1.1271199059206969,3.9367787662181337,4.792681987736686,0.1428338090629504,0.1285293746321302
0,terramind_v1_large,bio04,64,0.8622224256131227,0.8042273677134609,3.8924002069102333,3.630588418441869,0.2565724887698231,0.19324361068239937
1,terramind_v1_large,bio04,64,0.8529461672577147,0.8023221491085918,3.89135955577117,3.6603997685881025,0.2724828357603747,0.10869150486401613
2,terramind_v1_large,bio04,64,0.8661374510905452,0.8476952662552267,3.8652397596909385,3.782939339735026,0.24980591581837341,0.18707462118355045
3,terramind_v1_large,bio04,64,0.8654978055631614,0.9610417896027036,3.750886760854804,4.164954437291087,0.2509135485653521,0.23365042556543913
4,terramind_v1_large,bio04,64,0.8721806821904894,1.0413340253668972,3.708642377575109,4.427907628241397,0.23930085761373254,0.2561375581737998
0,terramind_v1_large,bio04,128,0.7154986978423101,0.6548537261035975,3.2300334564758484,2.9562589560292443,0.48806161338595855,0.46509910618109485
1,terramind_v1_large,bio04,128,0.6984881342730953,0.7012261902609491,3.1866823249194876,3.199174037230721,0.5121143262796903,0.31915737229652774
2,terramind_v1_large,bio04,128,0.7112753504449758,0.7285019348296303,3.1741495097105603,3.2510251467325317,0.4940873758493769,0.39961119559668634
3,terramind_v1_large,bio04,128,0.7164773438306815,0.797670032995156,3.1050631963118445,3.4569353540783423,0.4866602157773313,0.47205469944558764
4,terramind_v1_large,bio04,128,0.723951807512243,0.8611844456985236,3.078351087750937,3.661884744566501,0.47589378039975627,0.4912494782691663
0,terramind_v1_large,bio04,256,0.6260447504792476,0.6289237530812951,2.8262042901060607,2.839201175823845,0.6080679703973766,0.5066209408949698
1,terramind_v1_large,bio04,256,0.6148934973951254,0.6543190547229414,2.805302113394019,2.98517161682621,0.6219059868611909,0.4071980573880273
2,terramind_v1_large,bio04,256,0.6304023347866903,0.6593223434314776,2.81324421130733,2.9423031264956707,0.6025928962954896,0.5082246532320707
3,terramind_v1_large,bio04,256,0.6381259412556572,0.7056878627194222,2.765504579383594,3.058303834200179,0.5927952830965815,0.5867929992470138
4,terramind_v1_large,bio04,256,0.651336994596042,0.7307933741016925,2.769582071135637,3.107442457399654,0.5757601194705956,0.6336453440086343
0,terramind_v1_large,bio04,512,0.526552639663052,0.525758128262705,2.3770590330131944,2.3734722654561673,0.7227423176638721,0.6552083744791103
1,terramind_v1_large,bio04,512,0.5154580180740058,0.5456773139482342,2.351651911242313,2.489520091903454,0.7343030316032179,0.5877104946964866
2,terramind_v1_large,bio04,512,0.5264119271303702,0.5693099943105384,2.349174845294966,2.5406124851884395,0.7228904829748899,0.6333355692708225
3,terramind_v1_large,bio04,512,0.5316466818848724,0.6137719906232598,2.3040457048547003,2.6599596354970054,0.7173518056408053,0.6874233688456942
4,terramind_v1_large,bio04,512,0.5419336330528066,0.6470156753512791,2.3043826562713945,2.751207189436378,0.706307937366186,0.7128279831922353
0,terramind_v1_large,bio04,1024,0.44284124863901636,0.4864254318883944,1.9991539518850951,2.195909512722414,0.8038916285038369,0.7048673455176084
1,terramind_v1_large,bio04,1024,0.43805571242832947,0.49010126580653895,1.9985227047095995,2.2359678841158526,0.8081071928089087,0.6674154036642901
2,terramind_v1_large,bio04,1024,0.4441584476731666,0.5229844152870823,1.9821090634541456,2.3338791655976334,0.8027232733605629,0.690579801294726
3,terramind_v1_large,bio04,1024,0.45275180990221475,0.5348589997382853,1.9621318022570267,2.317967210742601,0.7950157986302688,0.7626326449165223
4,terramind_v1_large,bio04,1024,0.4624942501780591,0.5590029325753257,1.9665945491077053,2.3769638749097464,0.7860990685522349,0.7856415116863711
0,terramind_v1_large,bio04,2048,0.34667949303026024,0.4051439388337661,1.5650431881213518,1.8289739225465178,0.8798133291122817,0.7952596649443142
1,terramind_v1_large,bio04,2048,0.3419004901155463,0.40477204946304873,1.5598378777052617,1.8466740848295993,0.8831040548587492,0.7731433502466459
2,terramind_v1_large,bio04,2048,0.34790164694200554,0.4360786066946977,1.5525518245207997,1.946051826395625,0.8789644440550402,0.7848701229659765
3,terramind_v1_large,bio04,2048,0.35242101767943584,0.454382036183702,1.5273190992630568,1.969196853087846,0.8757994262977908,0.8286892242348334
4,terramind_v1_large,bio04,2048,0.362075979691734,0.46933594469988044,1.5396010802184559,1.995686465780822,0.868900984930271,0.8488945438647493
0,terramind_v1_large,bio04,4096,0.27578089508641696,0.35147295674874524,1.24497993397596,1.586682688982234,0.9239448979053346,0.8459120960906851
1,terramind_v1_large,bio04,4096,0.27209612760697627,0.3564916484883439,1.2413724453120665,1.626406493374201,0.9259636973412881,0.8240338213452691
2,terramind_v1_large,bio04,4096,0.27463722971322224,0.3887618848821246,1.225600788422628,1.7348954123912834,0.9245743920554468,0.8290226725418597
3,terramind_v1_large,bio04,4096,0.2788210919498059,0.4014242155402502,1.2083523895037647,1.7396887182302425,0.9222587986839179,0.8662944269486321
4,terramind_v1_large,bio04,4096,0.28722237303583087,0.416984578804245,1.2213123814030864,1.7730806520524054,0.917503308427666,0.8807241552597034
0,terramind_v1_large,bio04,8192,0.21712669532677076,0.30874030884463977,0.9801925523249981,1.393771250909756,0.9528559981764757,0.8811028659922837
1,terramind_v1_large,bio04,8192,0.21357924483598534,0.3201682273190749,0.9744033936220946,1.4606897163814991,0.9543839061752902,0.8580658355390229
2,terramind_v1_large,bio04,8192,0.21481550899806404,0.35122422745675924,0.9586393613048868,1.5673792347733175,0.9538542970939027,0.8604467040747492
3,terramind_v1_large,bio04,8192,0.21802471029221532,0.3643050903223075,0.9448735641527349,1.5788221725797797,0.9524652257019955,0.8898783134625038
4,terramind_v1_large,bio04,8192,0.22632707284714923,0.36960899319349294,0.9623764833174465,1.5716325929533141,0.9487760560964412,0.9062874894490212
0,terramind_v1_large,bio04,16384,0.17005006025394787,0.29242313295869093,0.7676707088054362,1.3201093146496339,0.9710829770076287,0.8933383815833564
1,terramind_v1_large,bio04,16384,0.16870196415479918,0.29389448723505,0.7696617121878719,1.340822169353842,0.9715396472903128,0.8804049066213127
2,terramind_v1_large,bio04,16384,0.1702455358383561,0.32447854335716403,0.7597406430402803,1.448023487808805,0.971016457527111,0.8808913962827336
3,terramind_v1_large,bio04,16384,0.17148774594257832,0.3400084053883502,0.7431920742701688,1.473525411227425,0.9705919529915337,0.9040772365669727
4,terramind_v1_large,bio04,16384,0.18003210434440098,0.3336055481619867,0.7655233724348132,1.4185405753682123,0.9675884414053267,0.9236552736637225
0,terramind_v1_base,bio12,32,0.9227851334029185,0.8543623224457507,853.9646901281989,790.6447908606907,0.14846759757055772,0.09089710128587414
1,terramind_v1_base,bio12,32,0.919623120379699,0.952168943730235,834.2764596115949,863.8018294821529,0.15429331646310573,0.10053590898034426
2,terramind_v1_base,bio12,32,0.9323604149279249,1.1038447606329538,813.0898660080118,962.6373789271008,0.13070405667542762,0.14542019109014737
3,terramind_v1_base,bio12,32,0.9272011468168777,0.9500823706762445,837.2345752964487,857.8956316903359,0.14029803334146673,0.1386286630313891
4,terramind_v1_base,bio12,32,0.9213203553768807,0.8269352797409665,857.0957017051817,769.290149117694,0.1511688027682182,0.07598721889260007
0,terramind_v1_base,bio12,64,0.7989410886405844,0.7374246765965048,739.3568171848476,682.4282426857887,0.3616931368817975,0.32272631757213255
1,terramind_v1_base,bio12,64,0.7919741863210338,0.8425547888982016,718.4741290969762,764.3605424604975,0.3727768882011364,0.29570904963996814
2,terramind_v1_base,bio12,64,0.8049419912752246,0.9563035311482396,701.9712180098135,833.9700978193142,0.35206839068187623,0.3586011969375297
3,terramind_v1_base,bio12,64,0.8033295579714526,0.8192935116877427,725.3822794858821,739.797250016928,0.3546616212893907,0.3594590081420499
4,terramind_v1_base,bio12,64,0.7986808525185225,0.7142522473788282,743.005320911875,664.4621762802932,0.36210889582028616,0.3106525583660913
0,terramind_v1_base,bio12,128,0.7763500842911664,0.7370586393470768,718.4506285226706,682.0895056582292,0.3972805466210987,0.32339851061502467
1,terramind_v1_base,bio12,128,0.7604976295774697,0.8634871219871431,689.9187895276601,783.3502244213964,0.4216433554070498,0.26027970343900153
2,terramind_v1_base,bio12,128,0.7833716561330534,0.946292185579035,683.160229055871,825.2394383795634,0.3863288483673569,0.37196024749723566
3,terramind_v1_base,bio12,128,0.7887894656006949,0.7884131010793053,712.2530160293343,711.9131731446818,0.37781117895737015,0.40683493956374783
4,terramind_v1_base,bio12,128,0.7834764306401046,0.6859475780731834,728.8607892145658,638.1306084743699,0.3861646826314413,0.36420546424529476
0,terramind_v1_base,bio12,256,0.6758571968753612,0.6358233081608965,625.452405558046,588.4042072220967,0.5432170494317791,0.496497355438839
1,terramind_v1_base,bio12,256,0.6522987296342156,0.7826346081652249,591.761410533943,710.0013202436281,0.5745063673175885,0.3923214561840499
2,terramind_v1_base,bio12,256,0.6779186832088021,0.8455492528795648,591.1971406454576,737.3838634228644,0.5404262589564437,0.49856522826393723
3,terramind_v1_base,bio12,256,0.6825491358825214,0.6957575831044158,616.321213847651,628.2480437205355,0.5341266771060232,0.5380618893113573
4,terramind_v1_base,bio12,256,0.6804248414811945,0.5900256420205416,632.9928602020215,548.8953292535413,0.5370220350952912,0.5295898225129367
0,terramind_v1_base,bio12,512,0.6013825774666621,0.6036345349826768,556.5320334692861,558.6160423346888,0.638338995519554,0.5461869040831699
1,terramind_v1_base,bio12,512,0.5835522696922936,0.7148196671309677,529.395043321133,648.4800216030325,0.6594667485369727,0.49306906886327995
2,terramind_v1_base,bio12,512,0.6078421904955598,0.7727882806330741,530.0850585529881,673.9307104870293,0.6305278714535596,0.5811508089043008
3,terramind_v1_base,bio12,512,0.612898230148654,0.6299515672598335,553.4285527767631,568.8272034079084,0.6243557594806475,0.6213114112977052
4,terramind_v1_base,bio12,512,0.6118800321737747,0.5294999095531735,569.2262657794178,492.58880926127875,0.6256028262270203,0.6211505007541709
0,terramind_v1_base,bio12,1024,0.5405455796318077,0.5749758982191244,500.2322008300653,532.094739621761,0.7078104763405129,0.5882551763937646
1,terramind_v1_base,bio12,1024,0.5225384690203629,0.6810294907136302,474.0436974862949,617.8257819361859,0.7269535483938552,0.5398624851653258
2,terramind_v1_base,bio12,1024,0.5469404603488466,0.7261912387002588,476.9740738934077,633.2945127912097,0.7008561328333918,0.6301389176406043
3,terramind_v1_base,bio12,1024,0.5509746262435772,0.5989457263092701,497.5134130068996,540.829866497135,0.6964269612357504,0.6576716729329454
4,terramind_v1_base,bio12,1024,0.5509450946865208,0.5050954805686001,512.5390638901255,469.8855979899335,0.6964595026408607,0.6552677592869703
0,terramind_v1_base,bio12,2048,0.4797531558951785,0.567050850459222,443.9736183403892,524.760734844705,0.7698369094086165,0.5995273334585515
1,terramind_v1_base,bio12,2048,0.46127009614193853,0.672572333165467,418.4614054209389,610.1535009605459,0.7872298984052069,0.5512196821197702
2,terramind_v1_base,bio12,2048,0.48827597578922327,0.6918761055847564,425.81413947967866,603.3690825688119,0.7615865714670818,0.6642675724150655
3,terramind_v1_base,bio12,2048,0.4928748378275531,0.5643057687192538,445.05106313919646,509.55103251915756,0.7570743942364633,0.6961236671125044
4,terramind_v1_base,bio12,2048,0.4914843766637168,0.4888713899456013,457.2233147176445,454.7924773464446,0.7584431074954777,0.6770582600043218
0,terramind_v1_base,bio12,4096,0.42127836978494093,0.553104686401355,389.85982613932435,511.85466206495767,0.8225245351513425,0.6189837101948586
1,terramind_v1_base,bio12,4096,0.40648717264764644,0.6504691799974844,368.76267297674985,590.1016565358865,0.8347681784729225,0.5802320723180044
2,terramind_v1_base,bio12,4096,0.42866091100509707,0.6798176715238139,373.8252263702959,592.8532012229363,0.8162498233762803,0.6758682860842755
3,terramind_v1_base,bio12,4096,0.4325939197084234,0.5549195775180196,390.61921828746256,501.07558503621476,0.8128625006313022,0.70614844664729
4,terramind_v1_base,bio12,4096,0.43372709378565,0.47292782658695004,403.4922551028195,439.9603290687079,0.811880808116254,0.6977789755118053
0,terramind_v1_base,bio12,8192,0.36444039017982666,0.5437118036857647,337.2607678015784,503.1622913021479,0.8671832020055756,0.6318147466253328
1,terramind_v1_base,bio12,8192,0.3518194914907545,0.6401190401069852,319.1684885097649,580.7120735068778,0.876223045407187,0.5934843254180857
2,terramind_v1_base,bio12,8192,0.36765273090870254,0.6666625133556306,320.62140894907037,581.3808956730672,0.8648314694553731,0.6882914629163107
3,terramind_v1_base,bio12,8192,0.37464520028185105,0.5310884960598511,338.29327918493664,479.5568410460563,0.8596409739057718,0.7308454750916997
4,terramind_v1_base,bio12,8192,0.37567516973527026,0.457711894769159,349.4870928536494,425.8050908031369,0.8588681668443758,0.7169133855162982
0,terramind_v1_base,bio12,16384,0.3159389016629589,0.5341096139333871,292.37647399172835,494.2762240596267,0.9001826104160031,0.644704540146709
1,terramind_v1_base,bio12,16384,0.3092756369638304,0.6245615617086675,280.57296575085513,566.5984254922307,0.9043485803806169,0.6130041481425175
2,terramind_v1_base,bio12,16384,0.3187019620158388,0.6495590921160243,277.9325799752948,566.465399344919,0.8984290594072548,0.7040802451129502
3,terramind_v1_base,bio12,16384,0.3261744998757633,0.5192515247536247,294.5257040100204,468.8684146656815,0.8936101956307957,0.7427096736212854
4,terramind_v1_base,bio12,16384,0.32795469196373184,0.4473749563068073,305.09317870446876,416.1887339712202,0.8924457200189738,0.7295554244494215
0,terramind_v1_large,bio15,32,0.9622762641977008,0.8881756266133528,33.068160909054605,30.52172862413623,0.07402439136171657,-0.010909259772355018
1,terramind_v1_large,bio15,32,0.9689810855027463,1.0344637681305766,32.194469672521414,34.37013690139426,0.06107565593791919,0.026192259758608838
2,terramind_v1_large,bio15,32,0.9654171873408587,0.9483451090125103,32.75715651682943,32.1778912652629,0.06796965438686531,0.008978153745846318
3,terramind_v1_large,bio15,32,0.9628305569179352,0.9939391977643655,32.4088682966116,33.45598499488851,0.0729573186650988,-0.002876782887072382
4,terramind_v1_large,bio15,32,0.965322406432283,1.074964812408483,31.91930015404196,35.54473011896993,0.06815265163978634,0.03625311130186348
0,terramind_v1_large,bio15,64,0.907327811329653,0.8494828670215337,31.179883760722934,29.19207032791416,0.1767562427877415,0.07525131848453792
1,terramind_v1_large,bio15,64,0.9161631078507919,0.9861888128080551,30.439588394196427,32.7661978978459,0.16064515981317806,0.11496020848749278
2,terramind_v1_large,bio15,64,0.9087290466186713,0.9130097870540073,30.833695516630392,30.9789436119824,0.17421151983152072,0.08145322475737082
3,terramind_v1_large,bio15,64,0.9057802569610809,0.9618327902780671,30.488555686215648,32.37528358966885,0.17956212609951827,0.06086700627795938
4,terramind_v1_large,bio15,64,0.9109170464323296,1.0211237101800748,30.120335389410698,33.76442299853077,0.17023013451900104,0.13037660829661346
0,terramind_v1_large,bio15,128,0.8376547232941702,0.8036146303449954,28.785601610215913,27.61583051146116,0.29833456454296714,0.1724197037417763
1,terramind_v1_large,bio15,128,0.8459009969310893,0.9286974455943328,28.1051244552399,30.856042858301333,0.284451503390989,0.2151418799173107
2,terramind_v1_large,bio15,128,0.8414424472451525,0.8574767237086821,28.550622799379457,29.094675117598626,0.2919746079740888,0.1897946798135558
3,terramind_v1_large,bio15,128,0.8406458711594399,0.8892803899206754,28.296132822490648,29.933170379942005,0.29331451930258634,0.19720368171204272
4,terramind_v1_large,bio15,128,0.843365282462863,0.9647757987676772,27.88667228762837,31.901225881198304,0.28873500033633526,0.2237040978510222
0,terramind_v1_large,bio15,256,0.7679365170960584,0.7875717383891112,26.389768992087806,27.064524159928887,0.41027350571037524,0.2051325385695243
1,terramind_v1_large,bio15,256,0.7841287690446981,0.87316079597816,26.052737520216382,29.010833489891382,0.38514207355644636,0.30620508895836773
2,terramind_v1_large,bio15,256,0.7723462612663783,0.8289631399959938,26.206149738436846,28.127192948014034,0.4034812527078473,0.24278213655447412
3,terramind_v1_large,bio15,256,0.7703530073269845,0.8611610211076536,25.93007563150109,28.986672694464286,0.40655624410227087,0.24717043006529182
4,terramind_v1_large,bio15,256,0.7859775474478098,0.8702551856726576,25.98909242878134,28.775812219230655,0.38223929490792585,0.36836275319330836
0,terramind_v1_large,bio15,512,0.6849630108175717,0.7267732501463199,23.538424367557525,24.9752132705352,0.5308256738117271,0.32311897326208283
1,terramind_v1_large,bio15,512,0.6946833931408902,0.8405587855527643,23.080908145287015,27.927629204966127,0.5174149832942593,0.35704757697041056
2,terramind_v1_large,bio15,512,0.697900162484665,0.7252414450997837,23.680151076914928,24.607856573841005,0.5129353632038782,0.42041699798859145
3,terramind_v1_large,bio15,512,0.6849978596081134,0.8062313753948913,23.057022083525176,27.137741292975445,0.5307779323323032,0.3401467934961008
4,terramind_v1_large,bio15,512,0.6979005669350988,0.8258076975764453,23.076743611437948,27.306113928954737,0.5129347986716676,0.4312356781011645
0,terramind_v1_large,bio15,1024,0.611456835808169,0.6772316629810399,21.012420015192014,23.27274037348922,0.6261205379434619,0.4122549475928431
1,terramind_v1_large,bio15,1024,0.627117666476883,0.7447385869880104,20.836031792002352,24.74399586264688,0.6067234323925889,0.4952801716936789
2,terramind_v1_large,bio15,1024,0.612532539925495,0.7340349962667263,20.783578893038623,24.90622684417226,0.6248038875324219,0.40627690462433985
3,terramind_v1_large,bio15,1024,0.6096626025579337,0.7616604864301085,20.52123795791497,25.637485528176533,0.628311511042287,0.4110874728501982
4,terramind_v1_large,bio15,1024,0.6269460541066756,0.7669855197595468,20.730565399714333,25.361102895317302,0.6069386452400694,0.5093759628527317
0,terramind_v1_large,bio15,2048,0.5322038171640588,0.6636154559548885,18.288928172865162,22.804825915045196,0.716759096996005,0.43565139305718237
1,terramind_v1_large,bio15,2048,0.547419593935164,0.7306274929108579,18.18805732768913,24.275153671760094,0.7003317881758602,0.5142255436149573
2,terramind_v1_large,bio15,2048,0.5395192441531949,0.680706224213966,18.306196057410403,23.096751114988436,0.7089189851883653,0.48941288107931025
3,terramind_v1_large,bio15,2048,0.5344201554943976,0.7237287723557595,17.988577839974834,24.360704397860918,0.714395097401344,0.46828413541648317
4,terramind_v1_large,bio15,2048,0.5435482048097324,0.7642713432191058,17.97293647106046,25.271356089090958,0.7045553490481171,0.5128422188403987
0,terramind_v1_large,bio15,4096,0.44150602999466243,0.610314526396453,15.172142374143153,20.973165118929472,0.8050724254783522,0.522666531324691
1,terramind_v1_large,bio15,4096,0.45684129136707424,0.6401696986149249,15.178586416728788,21.269686589026215,0.7912960345020639,0.6270652256110991
2,terramind_v1_large,bio15,4096,0.4435858651898438,0.6359350253653118,15.05112168127987,21.5776387901035,0.8032315802037777,0.5543684800292993
3,terramind_v1_large,bio15,4096,0.43682435719891144,0.6879279433532319,14.703504101715323,23.15564877308473,0.8091844809577579,0.5195880049954679
4,terramind_v1_large,bio15,4096,0.45541685045551744,0.6757011765923677,15.058789703136227,22.342699633315654,0.7925954923211769,0.6192114837792047
0,terramind_v1_large,bio15,8192,0.36400255410262045,0.5750785377998644,12.508772776291563,19.76229743124471,0.8675021406067689,0.5761923495779604
1,terramind_v1_large,bio15,8192,0.37268342533196364,0.6491245214623047,12.38243498195151,21.56721129295328,0.8611070644828347,0.6165588798756465
2,terramind_v1_large,bio15,8192,0.36485586833672523,0.6032465318655472,12.379767890334836,20.468499519367818,0.8668801953402542,0.5990039650106338
3,terramind_v1_large,bio15,8192,0.3610021760199387,0.6526417560009653,12.151330094305965,21.96791602901486,0.8696774289088691,0.567607996139614
4,terramind_v1_large,bio15,8192,0.37312602584483523,0.6587583258751598,12.33776557024712,21.78246814792332,0.8607769688372393,0.6380682134486108
0,terramind_v1_large,bio15,16384,0.29202395732522746,0.5503862118817887,10.035263003245745,18.91375753131081,0.9147220083481138,0.6118053340486311
1,terramind_v1_large,bio15,16384,0.30329222840293063,0.5952342462829826,10.076907246319053,19.7767028989416,0.9080138241903846,0.6775825982649766
2,terramind_v1_large,bio15,16384,0.29292923362880097,0.5802182531059533,9.939256022474527,19.687136833422496,0.9141924640856434,0.6290347876082725
3,terramind_v1_large,bio15,16384,0.2903496632755599,0.6224612422414785,9.773167098328473,20.952040128747036,0.915697073035769,0.6066740762614595
4,terramind_v1_large,bio15,16384,0.3040104386971383,0.6153948807671891,10.052393146564464,20.34861471944581,0.9075776531631735,0.6841490041078151
0,terramind_v1_small,bio12,32,0.7765383071590292,0.7061595485290127,718.6248141287615,653.4948385461698,0.396988257514589,0.378938598349015
1,terramind_v1_small,bio12,32,0.7620694249658464,0.8304959141762903,691.3447125476065,753.4208053604076,0.4192501915322242,0.31572479150406296
2,terramind_v1_small,bio12,32,0.7782975271739363,0.9366490283328455,678.735199210053,816.8298631407423,0.39425295919493564,0.3846950623817551
3,terramind_v1_small,bio12,32,0.7830562873996884,0.7806400878312056,707.0761296458729,704.8943796831327,0.3868228507638166,0.4184733848878949
4,terramind_v1_small,bio12,32,0.7804535057637678,0.662936084306902,726.048590303422,616.7232304568189,0.39089232534104446,0.40614795745714183
0,terramind_v1_small,bio12,64,0.7842593727242279,0.7332822191574773,725.7700500077598,678.5947264342346,0.3849372362942005,0.3303140682296334
1,terramind_v1_small,bio12,64,0.773073513015313,0.8486182282163324,701.3275538809729,769.8612559373558,0.40235734347416263,0.28553572550992135
2,terramind_v1_small,bio12,64,0.7935278053596593,0.9446310903295067,692.0171714734998,823.7908330813829,0.37031362212108265,0.37416319967901013
3,terramind_v1_small,bio12,64,0.7963907168232138,0.7898650027945296,719.1167158204386,713.2241949054543,0.3657618261578077,0.4046482423750135
4,terramind_v1_small,bio12,64,0.7870617792606547,0.6978173623055349,732.1962050590105,649.1729571574275,0.3805337556270525,0.3420112341377374
0,terramind_v1_small,bio12,128,0.6709119084360524,0.6125698015473915,620.8759320874677,566.8849246038797,0.5498772111186938,0.5326523819019534
1,terramind_v1_small,bio12,128,0.6446584614696927,0.762042253368642,584.8302065675333,691.3200615810131,0.5844154680555287,0.42387872858852793
2,terramind_v1_small,bio12,128,0.6722541507287668,0.8195759706805253,586.2572336666644,714.7331648003109,0.5480743568279444,0.5288978786933295
3,terramind_v1_small,bio12,128,0.6745572807911705,0.6818023211579473,609.104810457735,615.6468636539236,0.544972474931622,0.5564068330117
4,terramind_v1_small,bio12,128,0.6775355853833962,0.5525181200313555,630.3050126356043,514.0024323789509,0.5409455305391786,0.5874961674621733
0,terramind_v1_small,bio12,256,0.6252945503908997,0.5974107340110294,578.6606742905713,552.856407563822,0.6090067252514426,0.555496781018487
1,terramind_v1_small,bio12,256,0.6060955612159404,0.7176096563787445,549.8461793252344,651.0110832059526,0.6326481706743342,0.48910417525844474
2,terramind_v1_small,bio12,256,0.6288843521454274,0.7786901625632953,548.4354391599819,679.0776034191291,0.604504471626626,0.5747287706378285
3,terramind_v1_small,bio12,256,0.6342053270864176,0.6414484481919889,572.668217245275,579.2085405453519,0.5977836030952101,0.607362826632158
4,terramind_v1_small,bio12,256,0.6343124107983324,0.5319075759998109,590.0948979175494,494.8286368248141,0.5976477655072076,0.6176973669766519
0,terramind_v1_small,bio12,512,0.5833221616179941,0.5888805782297578,539.8185458380607,544.96242272833,0.6597352557653106,0.5680998751405184
1,terramind_v1_small,bio12,512,0.5626741471052706,0.7076012767852617,510.45453870758917,641.9315433890018,0.6833978041793562,0.5032555528567821
2,terramind_v1_small,bio12,512,0.5897947075507632,0.7509475690209148,514.3462684857012,654.8839326029843,0.6521422029451096,0.6044914669636879
3,terramind_v1_small,bio12,512,0.5945599778632336,0.6170355885676867,536.8696664772674,557.1644661209394,0.6464984327232712,0.6366808213268842
4,terramind_v1_small,bio12,512,0.5949665179468474,0.5131911429762483,553.4917815141415,477.41691552636144,0.6460148425222036,0.6441284730073245
0,terramind_v1_small,bio12,1024,0.5324776209362414,0.5615600998200481,492.7659426786573,519.6794798055346,0.7164675832020804,0.6072453347648947
1,terramind_v1_small,bio12,1024,0.5109079512384582,0.6852796656278302,463.4925635849944,621.6815148716278,0.7389730653613211,0.5341013032637464
2,terramind_v1_small,bio12,1024,0.53933670507895,0.7138653376857884,470.34301549521234,622.5453814714878,0.7091159185545817,0.6425879288178189
3,terramind_v1_small,bio12,1024,0.5453962567363982,0.5770972310866923,492.47631444266347,521.1013372745531,0.7025429231379248,0.6821912295973664
4,terramind_v1_small,bio12,1024,0.5441354622523805,0.48472677030438976,506.20412666198,450.9367763902472,0.7039165987193883,0.6825108063081864
0,terramind_v1_small,bio12,2048,0.4870471498408467,0.5588883807127034,450.7236329727109,517.2070135829583,0.7627850738319077,0.6109736408154843
1,terramind_v1_small,bio12,2048,0.4703637611372828,0.6614088038991095,426.71112271008167,600.0260161403253,0.7787579322087892,0.5659939853777491
2,terramind_v1_small,bio12,2048,0.49591732411271744,0.6871242331185459,432.47798092122457,599.225084628677,0.754066007644882,0.6688634216715356
3,terramind_v1_small,bio12,2048,0.5018061792398641,0.5592950230722307,453.1157937428801,505.0264824694608,0.7481905584766892,0.7014962396936293
4,terramind_v1_small,bio12,2048,0.4989966674381314,0.4793139157863125,464.211927644698,445.9012488445862,0.7510023258856389,0.689561902750175
0,terramind_v1_small,bio12,4096,0.4465970672739205,0.5440119556297756,413.29027893204193,503.4400592847157,0.8005510595023333,0.6314081267126257
1,terramind_v1_small,bio12,4096,0.42834906600219663,0.6489835735981595,388.5956493593555,588.7539238271837,0.8165170776550458,0.5821472984577811
2,terramind_v1_small,bio12,4096,0.4537856396184478,0.6651511963593318,395.7359187305744,580.0629095135453,0.7940785932760761,0.6897031410053733
3,terramind_v1_small,bio12,4096,0.4600473306056937,0.5376141332979103,415.4088180081843,485.44929305975523,0.7883564536025756,0.7241904805689882
4,terramind_v1_small,bio12,4096,0.45678056286345087,0.4659037466853478,424.93868136316837,433.4258923845902,0.7913515173901491,0.7066896805290255
0,terramind_v1_small,bio12,8192,0.4213159465546935,0.533459021984086,389.8945995659511,493.674152714904,0.8224928731787225,0.645569574506464
1,terramind_v1_small,bio12,8192,0.40519773740602544,0.645253287190354,367.5929067275034,585.3698310412658,0.8358147936010376,0.5869370363447184
2,terramind_v1_small,bio12,8192,0.4244816185051631,0.6660624677365976,370.1805616858123,580.8576079904825,0.8198153555512372,0.6888523319128994
3,terramind_v1_small,bio12,8192,0.43575590611165654,0.526010247563803,393.4743967431652,474.97133691000647,0.8101167902888091,0.7359681571513192
4,terramind_v1_small,bio12,8192,0.4316124485193693,0.4547769284816267,401.5250192932754,423.07471859231424,0.8137106942831148,0.7205321940665341
0,terramind_v1_small,bio12,16384,0.4019642247308959,0.5252992303272436,371.9861103009604,486.12291060612813,0.8384247620364897,0.6563293880558386
1,terramind_v1_small,bio12,16384,0.38842190960121487,0.6311586254132904,352.3739791363724,572.5832407184166,0.8491284201417457,0.6047855194641178
2,terramind_v1_small,bio12,16384,0.4056610768143342,0.6480417367803518,353.76760448970555,565.142147731259,0.8354390907578348,0.705461154038789
3,terramind_v1_small,bio12,16384,0.41617821372244307,0.5185030818710198,375.79633330562604,468.19259253741,0.8267956944227965,0.7434508494191823
4,terramind_v1_small,bio12,16384,0.41240435812125276,0.44179944369467156,383.65591189992693,411.00188536898025,0.8299226454025975,0.7362543737372615
0,terramind_v1_small,bio01,32,0.7553263248996156,0.7098489807989308,8.837178556795374,8.305102057123337,0.4294821429136403,0.3745319509071001
1,terramind_v1_small,bio01,32,0.7453422243638963,0.6615628980705002,8.916443777711653,7.914201238540947,0.4444649685802793,0.27622468178020576
2,terramind_v1_small,bio01,32,0.7644895143733795,0.858207065976001,8.602887644972656,9.65750190218985,0.4155557824131543,0.35195753862072
3,terramind_v1_small,bio01,32,0.7684230831304505,0.7890562667346962,8.68423420534591,8.917417477460324,0.4095259653122929,0.4553794173728898
4,terramind_v1_small,bio01,32,0.7571254342315801,0.9105034918505761,8.425520563754638,10.132357895216831,0.42676107683964115,0.38481405272280766
0,terramind_v1_small,bio01,64,0.7234158414239773,0.6627259633039144,8.463831788172266,7.753771442808858,0.47666952037683885,0.45481842071245215
1,terramind_v1_small,bio01,64,0.7116527146856254,0.6406394168562878,8.513420022783887,7.663896031007638,0.49355041368057984,0.3212828874850878
2,terramind_v1_small,bio01,64,0.7186871499649273,0.8483364684341891,8.087468417919029,9.546426945125935,0.48348878047529,0.3667786273516662
3,terramind_v1_small,bio01,64,0.7272971646441989,0.7672259633315796,8.219454949471354,8.670705117452018,0.4710388343005092,0.4850978728087453
4,terramind_v1_small,bio01,64,0.7248762893836778,0.8503812563854375,8.06664233697618,9.463299498220593,0.47455436508935056,0.4633754550326009
0,terramind_v1_small,bio01,128,0.523309070322677,0.5204605902426189,6.1226195120813705,6.089292864124771,0.7261476169180154,0.6637603669417959
1,terramind_v1_small,bio01,128,0.516164529142219,0.48700976228491577,6.174817221211574,5.826042108786434,0.7335741788553913,0.6077736010282513
2,terramind_v1_small,bio01,128,0.5330524240660293,0.6003237249345976,5.99849968699008,6.755511307128762,0.7158551131973301,0.6829043347232119
3,terramind_v1_small,bio01,128,0.531407976725019,0.581537285550098,6.005638595877162,6.572168493037641,0.7176055622730216,0.7041761168201603
4,terramind_v1_small,bio01,128,0.5407019432879462,0.5922910214103918,6.017094575003648,6.591193365873066,0.7076414085246385,0.7396764408660158
0,terramind_v1_small,bio01,256,0.4322296057604061,0.4556039559888954,5.057006588784592,5.330482203431607,0.8131775679042039,0.7423393037597219
1,terramind_v1_small,bio01,256,0.4284276542830371,0.41211891057988387,5.125231023574599,4.930131374519433,0.8164497450455345,0.7191292117108594
2,terramind_v1_small,bio01,256,0.4464517509471858,0.5026963641920617,5.023972440804317,5.656899476741913,0.800680834076192,0.7776532533395484
3,terramind_v1_small,bio01,256,0.44111566993352963,0.49059038786051523,4.985211756423437,5.544343903998226,0.8054169657390934,0.7894689418279136
4,terramind_v1_small,bio01,256,0.45177963809553057,0.49406283301620846,5.027540298685545,5.498080396303921,0.7958951586022714,0.81886284444922
0,terramind_v1_small,bio01,512,0.34752617591176266,0.3599638596696861,4.065992092972271,4.211510734923352,0.8792255570561466,0.8391611338257601
1,terramind_v1_small,bio01,512,0.34056557032943513,0.3454580743792062,4.074146963251677,4.1326754378772526,0.8840150923061866,0.8026431600415245
2,terramind_v1_small,bio01,512,0.35194404280956604,0.43006858137077936,3.960466432112873,4.839610765306355,0.8761353907308583,0.8372598455918918
3,terramind_v1_small,bio01,512,0.3537149142130348,0.396864485980419,3.9974634048949,4.485112742039334,0.8748857594632654,0.8622274876757408
4,terramind_v1_small,bio01,512,0.36078143002437696,0.4053589824972124,4.014884743441967,4.5109571766411065,0.8698367597495655,0.8780665737902816
0,terramind_v1_small,bio01,1024,0.2920122294821478,0.31193658724922146,3.4164891679618687,3.649600520409528,0.9147288578328655,0.8792169934070035
1,terramind_v1_small,bio01,1024,0.2842317277679053,0.30977384485077614,3.4002316449754955,3.7057890695982745,0.9192123249300713,0.8413094814611473
2,terramind_v1_small,bio01,1024,0.29580997673030046,0.3820238813335271,3.328783387993802,4.2989582857500315,0.9124964576668191,0.8715895652502763
3,terramind_v1_small,bio01,1024,0.29558916197603485,0.35089380445728685,3.340562728792346,3.9655810150274022,0.9126270473223055,0.8922965775216956
4,terramind_v1_small,bio01,1024,0.30240228215727627,0.3554673890490483,3.3652239453739634,3.955748431510784,0.908552859746071,0.906234579964313
0,terramind_v1_small,bio01,2048,0.24619427587750609,0.28876152860165,2.880427569269602,3.3784566194238854,0.9393883785251504,0.8964972550863887
1,terramind_v1_small,bio01,2048,0.24235219574344294,0.2758755441016631,2.8992315895480933,3.3002675580482257,0.9412654132183319,0.8741399521994127
2,terramind_v1_small,bio01,2048,0.25244457667785064,0.3353811007574419,2.840787605804624,3.774081768241621,0.9362717357059408,0.9010316197328336
3,terramind_v1_small,bio01,2048,0.25109664678726223,0.31317339406404465,2.837736324601932,3.539288679097934,0.9369504739721929,0.9142077966282784
4,terramind_v1_small,bio01,2048,0.2571043120336107,0.3173807547961804,2.8611344412451274,3.531908854267321,0.9338973727337238,0.9252511781021165
0,terramind_v1_small,bio01,4096,0.2170575886669791,0.2716314247446587,2.5395337011227834,3.178037559357742,0.9528860032020765,0.9084131280599732
1,terramind_v1_small,bio01,4096,0.21480631767091835,0.25917571937042116,2.5697033937017375,3.10048947435105,0.9538582458886605,0.8889163574722839
2,terramind_v1_small,bio01,4096,0.22415893114057783,0.3185933575663794,2.522486016310121,3.5851673849913177,0.9497527735899137,0.9106915144887805
3,terramind_v1_small,bio01,4096,0.22145991434549533,0.29856207122299105,2.5028006234179934,3.3741607092729655,0.9509555063380859,0.9220264381184252
4,terramind_v1_small,bio01,4096,0.22706572786344068,0.3018268639727487,2.526855994767591,3.358820448951707,0.9484411552298458,0.9323980913818596
0,terramind_v1_small,bio01,8192,0.19684790745238268,0.2569881427262584,2.3030841529040273,3.006713870876338,0.9612509013316182,0.9180216119179009
1,terramind_v1_small,bio01,8192,0.1946267551787314,0.2515169137130115,2.328297595645378,3.0088680502266656,0.9621204261685982,0.8953845379519584
2,terramind_v1_small,bio01,8192,0.20097681109472826,0.3098926673309297,2.2616149763361806,3.4872575253359437,0.9596083214021939,0.91550288301757
3,terramind_v1_small,bio01,8192,0.1997115910859527,0.2806381806315715,2.257014758035538,3.171596182851056,0.9601152803859172,0.9311075521678615
4,terramind_v1_small,bio01,8192,0.20524339252304075,0.28535465067474586,2.284010448022988,3.1755126869145633,0.957875149825633,0.9395754972779473
0,terramind_v1_small,bio01,16384,0.18453111388331073,0.24588652510279516,2.1589799357716983,2.876826980398997,0.9659482680089846,0.9249513883975576
1,terramind_v1_small,bio01,16384,0.18177611715016267,0.24487849463648118,2.174566876254571,2.929453400638553,0.9669574432338104,0.9008340034593741
2,terramind_v1_small,bio01,16384,0.18863086390080064,0.2927680708222207,2.1226846275278066,3.294552489900321,0.9644183971840377,0.9245834410355185
3,terramind_v1_small,bio01,16384,0.18729325946669184,0.27185557739030164,2.116670591483902,3.0723407214993714,0.9649212349583425,0.9353520737207971
4,terramind_v1_small,bio01,16384,0.19224232794380977,0.2767968443518177,2.139330662892884,3.080278812330621,0.9630428873467447,0.9431454215069485
0,terramind_v1_small,bio15,32,0.9026294836019774,0.8737373716472806,31.01842797914112,30.02556458957782,0.18526001533242764,0.021690442880593408
1,terramind_v1_small,bio15,32,0.9024648885670532,1.0345647961345605,29.984464002271544,34.37349357143974,0.18555712490365595,0.026002042064406705
2,terramind_v1_small,bio15,32,0.9133594790779124,0.9001052236614425,30.990808737990477,30.54108440734807,0.16577446197852452,0.1072353717209591
3,terramind_v1_small,bio15,32,0.9166241500308268,0.9186090380253581,30.85356103039701,30.920372409381557,0.15980016758026439,0.14337771345347683
4,terramind_v1_small,bio15,32,0.9180062983459977,0.9884477993496779,30.354748204226276,32.68396293825148,0.15726443619707908,0.18514193204442264
0,terramind_v1_small,bio15,64,0.8370040510782394,0.8065070202141722,28.763241562410844,27.71522609656946,0.2994242184786161,0.16645168753230544
1,terramind_v1_small,bio15,64,0.8497379208482267,0.9185103425261701,28.23260654432463,30.51757559660921,0.27794546587253255,0.23226603313115346
2,terramind_v1_small,bio15,64,0.8434549993568697,0.8526651821276089,28.61890983055568,28.931416719993354,0.2885836640599029,0.19886174636280907
3,terramind_v1_small,bio15,64,0.8380746911523063,0.9015845856680142,28.209586936437606,30.347329512842347,0.29763081204996655,0.1748348132505857
4,terramind_v1_small,bio15,64,0.8499236721348062,0.9271935365524931,28.103531651116562,30.658532662551067,0.27762975154488634,0.28300639323229704
0,terramind_v1_small,bio15,128,0.7826145968596848,0.7927112821435118,26.89417414189415,27.241141813606436,0.38751439278215294,0.1947243796670941
1,terramind_v1_small,bio15,128,0.7947455919181978,0.8973438553112066,26.40548226954022,29.814317491598946,0.3683794441265932,0.26724221646703283
2,terramind_v1_small,bio15,128,0.7973913158247443,0.7969606331629732,27.05594274563816,27.041329569609328,0.36416708944728293,0.30011908703523427
3,terramind_v1_small,bio15,128,0.7821082811050336,0.8962122826591986,26.325758038450978,30.16649786386556,0.38830663662692966,0.184639394739042
4,terramind_v1_small,bio15,128,0.7993061803363267,0.8906326600534891,26.429816308229434,29.449612688648322,0.3611096300761516,0.338436210737467
0,terramind_v1_small,bio15,256,0.7102270386238915,0.7363916081133365,24.406610534796776,25.305743426311597,0.4955775536075374,0.30508428371867813
1,terramind_v1_small,bio15,256,0.7276326162074389,0.8131981882241516,24.175648580609977,27.01857133396024,0.4705507758311178,0.39822317513155814
2,terramind_v1_small,bio15,256,0.7171955451878078,0.7647332043005146,24.334854428672813,25.947834536498345,0.4856305499627631,0.35557807827536414
3,terramind_v1_small,bio15,256,0.7120452342560203,0.8144856929185051,23.967436478552894,27.41558154453705,0.49299158437328916,0.3265662760427208
4,terramind_v1_small,bio15,256,0.7245814499755097,0.838927461345195,23.958972293077135,27.73993129890535,0.474981722351388,0.41301998673239093
0,terramind_v1_small,bio15,512,0.6465699402369739,0.6928118402326912,22.219064972830054,23.808145711247967,0.5819473123819561,0.38490092354821615
1,terramind_v1_small,bio15,512,0.6617150711720722,0.7720249557784893,21.985533187533733,25.650587567044177,0.5621331645837393,0.45761792014863656
2,terramind_v1_small,bio15,512,0.653311050547553,0.7207809690406191,22.167217036085322,24.456510110103203,0.5731846712324526,0.4275243307336196
3,terramind_v1_small,bio15,512,0.6464012344906639,0.7761336855436568,21.75786001581657,26.12465332091684,0.5821654440489459,0.3884935995713218
4,terramind_v1_small,bio15,512,0.6642653429831228,0.7702421741204127,21.964563061154767,25.468787268808338,0.5587515541115142,0.5052006948236205
0,terramind_v1_small,bio15,1024,0.5855441143998014,0.6577372460027793,20.121941826748934,22.60282415076446,0.6571380900917523,0.4456049504128331
1,terramind_v1_small,bio15,1024,0.6037589518881991,0.714052239586747,20.059936760565776,23.724439665405946,0.6354751280148633,0.536016405519187
2,terramind_v1_small,bio15,1024,0.5896989209644881,0.6839625873368879,20.00882113207094,23.207241404318843,0.6522551826133185,0.4845161020692741
3,terramind_v1_small,bio15,1024,0.5806365662111698,0.750032154092757,19.544221830254916,25.246076020775888,0.6628611779785019,0.4289321574052555
4,terramind_v1_small,bio15,1024,0.5980219245526104,0.7557823715500249,19.774161638839775,24.99066004635595,0.642369777754392,0.5236041079167417
0,terramind_v1_small,bio15,2048,0.5256355668592091,0.6422993246132068,18.063213466166122,22.072307337287754,0.7237072508525979,0.47132423399663514
1,terramind_v1_small,bio15,2048,0.5433379416184904,0.6923821568554744,18.052444152261856,23.004449488989724,0.7047838811977819,0.5637510563295809
2,terramind_v1_small,bio15,2048,0.5333413813896133,0.6508656685024797,18.09657759477482,22.08424406702979,0.7155469708974191,0.533197536555855
3,terramind_v1_small,bio15,2048,0.5242439079418026,0.7190043986519562,17.646045422625413,24.201681998988033,0.7251683249859067,0.47520337234067433
4,terramind_v1_small,bio15,2048,0.5382245946041438,0.7395893433185208,17.796906231508746,24.455222264313992,0.710314285763205,0.543799473851813
0,terramind_v1_small,bio15,4096,0.480544880361361,0.626431779518875,16.51369375461237,21.527026843717028,0.7690766179584853,0.4971226951065847
1,terramind_v1_small,bio15,4096,0.4974840202243075,0.6759285705838523,16.528944155762698,22.45777790507336,0.7525096496214608,0.584238508764269
2,terramind_v1_small,bio15,4096,0.48546032227531416,0.6421179307884309,16.471945878157346,21.787428306308648,0.7643282754963481,0.5456610125048766
3,terramind_v1_small,bio15,4096,0.4757082032423935,0.709535954024057,16.012333986304135,23.882974243174804,0.7737017053678936,0.48893427528574673
4,terramind_v1_small,bio15,4096,0.4938563264617664,0.7147324838004417,16.32982736651687,23.633306646136482,0.7561059288136892,0.5739490542496193
0,terramind_v1_small,bio15,8192,0.4419473974319531,0.6104489806323687,15.187309877062843,20.977785642354053,0.8046824979031233,0.522456191988147
1,terramind_v1_small,bio15,8192,0.4598029339647716,0.6505726565436222,15.276987242912341,21.615325728946914,0.7885812619173878,0.6148461301592583
2,terramind_v1_small,bio15,8192,0.44787020440316294,0.6244450668194661,15.196491666095266,21.18777794625047,0.7994122800078691,0.5703261841177556
3,terramind_v1_small,bio15,8192,0.43926557067379535,0.687525641523898,14.785675260862563,23.142107280940927,0.8070457584206249,0.5201497327570461
4,terramind_v1_small,bio15,8192,0.4556273562113133,0.7003005578999039,15.065750208484594,23.156101287632403,0.792403712271889,0.5909810430755643
0,terramind_v1_small,bio15,16384,0.4226087987771965,0.5992000838587482,14.522748283754597,20.5912227582919,0.821401803196095,0.5398936750146553
1,terramind_v1_small,bio15,16384,0.4394747782891161,0.6464739924864623,14.601582773799855,21.479147302710505,0.8068619192477322,0.6196838484285888
2,terramind_v1_small,bio15,16384,0.42654477733747637,0.6152824637185401,14.47290771975737,20.876885571759406,0.8180595529261228,0.5828430480455495
3,terramind_v1_small,bio15,16384,0.4175332597443829,0.6869332063294575,14.0541658586031,23.12216590869011,0.8256659770072297,0.5209763425247822
4,terramind_v1_small,bio15,16384,0.43399459135732166,0.6962694956589013,14.350442334122421,23.02281038766433,0.8116486946725914,0.5956762714530185
0,terramind_v1_tiny,bio12,32,0.8151925707567133,0.7212683927657015,754.3962790275798,667.4768794217595,0.3354610725830608,0.3520780852284682
1,terramind_v1_tiny,bio12,32,0.7967437257114447,0.8730322262657721,722.801026200351,792.0094852015728,0.3651994355394461,0.2438353762510913
2,terramind_v1_tiny,bio12,32,0.8072073546740086,0.997182888142342,703.9467886464844,869.6200351667541,0.3484162865601892,0.3025930661655537
3,terramind_v1_tiny,bio12,32,0.8181335881415743,0.820932915399191,738.7498706076444,741.2775851221345,0.33065743195459274,0.3568930024479888
4,terramind_v1_tiny,bio12,32,0.8165758738015155,0.6918716069979879,759.6528910134547,643.6416771375249,0.33320384232529143,0.3531762560449959
0,terramind_v1_tiny,bio12,64,0.7049108389427652,0.6461553994924003,652.3392549220766,597.965741020218,0.5031007091410068,0.48000062356152284
1,terramind_v1_tiny,bio12,64,0.6811137654160541,0.8008909394841683,617.9022341270995,726.5633498098368,0.5360840385607645,0.3636404496452582
2,terramind_v1_tiny,bio12,64,0.7071683177474489,0.853478368770681,616.7050679067909,744.2986591705838,0.499912970374243,0.48911675080726713
3,terramind_v1_tiny,bio12,64,0.7119278686313152,0.7077069876017426,642.8493197777153,639.0379967770048,0.4931587098660728,0.5220583657634816
4,terramind_v1_tiny,bio12,64,0.7114055082166058,0.5874054984825311,661.8138846869031,546.4578358322718,0.49390220287907294,0.5337584735230534
0,terramind_v1_tiny,bio12,128,0.6423961410842175,0.6143435627848414,594.4868437883529,568.5264010469209,0.587327197920106,0.5299419535953396
1,terramind_v1_tiny,bio12,128,0.6233645218045961,0.7393932532091163,565.5124745250743,670.7730302901361,0.6114166729553272,0.4576161217431677
2,terramind_v1_tiny,bio12,128,0.6492381606998945,0.7842473372819493,566.1855228770819,683.9238869547794,0.5784898106910179,0.5686371578593725
3,terramind_v1_tiny,bio12,128,0.6533297187147059,0.6466137106354397,589.9369635877708,583.8726160615552,0.5731602786441633,0.6010139467416837
4,terramind_v1_tiny,bio12,128,0.6542933008541485,0.5297587492934211,608.6829322936578,492.8296039194446,0.5719002764573827,0.6207800180694325
0,terramind_v1_tiny,bio12,256,0.598054444359967,0.5723468434836129,553.4521088057916,529.6617573094669,0.6423308815812909,0.5920119419834728
1,terramind_v1_tiny,bio12,256,0.5748524623697467,0.7089133114956755,521.502631410142,643.1218118674915,0.669544646507439,0.5014117173179535
2,terramind_v1_tiny,bio12,256,0.6025958786457571,0.7427398525253873,525.5098721170773,647.7261723033251,0.6368782070391479,0.6130898877981208
3,terramind_v1_tiny,bio12,256,0.6068956253234805,0.6100859904281825,548.0083827695956,550.8891883342458,0.6316776999632215,0.6448187744225718
4,terramind_v1_tiny,bio12,256,0.6060692972622231,0.511282434164887,563.8205938192925,475.64126156676997,0.632680006916075,0.6467707319541907
0,terramind_v1_tiny,bio12,512,0.5584432017528514,0.566491996027,516.7950353694349,524.2435586957265,0.6881411904160238,0.600316312574039
1,terramind_v1_tiny,bio12,512,0.5388190938619395,0.6866865908582895,488.8133806505403,622.9578696807993,0.7096739840897985,0.5321862967599827
2,terramind_v1_tiny,bio12,512,0.5657850445318267,0.724166796581919,493.4079983132722,631.5290424252057,0.679887283384119,0.6321982062434011
3,terramind_v1_tiny,bio12,512,0.5738048681300225,0.576735141290158,518.1284307264343,520.7743818223869,0.6707479733102875,0.6825899118498384
4,terramind_v1_tiny,bio12,512,0.5713014438067323,0.48238136783231705,531.4763852168901,448.75486889325646,0.6736146603043431,0.6855757842509718
0,terramind_v1_tiny,bio12,1024,0.5275211208218756,0.5530876886092801,488.1790934423452,511.83893165722594,0.7217214670868319,0.6190071283155684
1,terramind_v1_tiny,bio12,1024,0.5095426298469937,0.670496413464326,462.2539526515379,608.2702403268518,0.7403663083686096,0.5539857612435113
2,terramind_v1_tiny,bio12,1024,0.537133811023484,0.6976881735298204,468.4219227630889,608.4376515565725,0.7114872690553882,0.6586032762829093
3,terramind_v1_tiny,bio12,1024,0.5422072148729358,0.5639545232533495,489.5967065468314,509.23386963248015,0.7060113361397341,0.6965018378561303
4,terramind_v1_tiny,bio12,1024,0.538261088200828,0.47899043172368516,500.7392511299654,445.60031433129035,0.7102750009288605,0.6899807843506084
0,terramind_v1_tiny,bio12,2048,0.5035114163805258,0.5423679729489581,465.96001050018566,501.9186818779746,0.7464762535744767,0.6336325008578249
1,terramind_v1_tiny,bio12,2048,0.4854426750189405,0.6618735985193015,440.3906212914849,600.4476753601963,0.7643454092704554,0.5653837892672633
2,terramind_v1_tiny,bio12,2048,0.5128504604256581,0.6772983915617882,447.2449768876451,590.6561960613581,0.7369844052411905,0.6782661804630681
3,terramind_v1_tiny,bio12,2048,0.5176875415049663,0.5522837934788125,467.45618367423526,498.6955545687572,0.7319996093705438,0.7089333178869655
4,terramind_v1_tiny,bio12,2048,0.5139658702423704,0.46518577502342867,478.137636879472,432.75797107633474,0.7358390842260029,0.7075929840007273
0,terramind_v1_tiny,bio12,4096,0.4867275997563605,0.5307001017986293,450.427914719099,491.12098957640717,0.7630962436354121,0.6492261502742145
1,terramind_v1_tiny,bio12,4096,0.4675971018460873,0.6522015092838822,424.2012266410232,591.673215808065,0.7813529503451399,0.5779932434701458
2,terramind_v1_tiny,bio12,4096,0.49420622798199143,0.6678380984867325,430.9857742201749,582.4060944033693,0.7557602042238118,0.6871911670331895
3,terramind_v1_tiny,bio12,4096,0.5011092266325864,0.5369979573283188,452.4864671404544,484.8929068550587,0.7488895429836911,0.7248223456807935
4,terramind_v1_tiny,bio12,4096,0.4950354611990706,0.4588222662406561,460.5268543962457,426.83805701745354,0.7549398921554235,0.7155382297676973
0,terramind_v1_tiny,bio12,8192,0.47460884964140315,0.5324144522290958,439.2129688329597,492.70748573295907,0.7747464398420638,0.646956240830104
1,terramind_v1_tiny,bio12,8192,0.4593404716438701,0.644331642710252,416.7108627314784,584.5337201636836,0.789006331109987,0.5881161866858855
2,terramind_v1_tiny,bio12,8192,0.4826298836194375,0.6653547227694495,420.89031371743664,580.2404001493123,0.7670683954374882,0.6895132194712575
3,terramind_v1_tiny,bio12,8192,0.4914306185346238,0.5289585388977374,443.74697683922176,477.63355507458147,0.758495947166677,0.7330000614285357
4,terramind_v1_tiny,bio12,8192,0.48520473367186223,0.452080583180677,451.3814209743578,420.5663323779638,0.7645763664224172,0.7238362660469522
0,terramind_v1_tiny,bio12,16384,0.47005038180458136,0.5247708297588236,434.9944674020094,485.63391796839693,0.7790526385653672,0.6570204395643222
1,terramind_v1_tiny,bio12,16384,0.4542092972922088,0.6438042590342578,412.0558932084771,584.0552812909639,0.7936939142533178,0.5887901622842948
2,terramind_v1_tiny,bio12,16384,0.4773177915377799,0.6594134793676683,416.25776118667153,575.0591798012539,0.7721677258814964,0.6950334074460087
3,terramind_v1_tiny,bio12,16384,0.4857309117800963,0.5271463722516281,438.60031454426814,475.99722259621933,0.7640654813412763,0.7348263655189875
4,terramind_v1_tiny,bio12,16384,0.4794650388609016,0.45047795782059313,446.0418364950943,419.0754251423096,0.7701132765101142,0.7257907959900294
0,terramind_v1_base,bio15,32,0.9295605334964158,0.8797049610799444,31.94390055716479,30.23063806577461,0.13591721456585892,0.008281180272587951
1,terramind_v1_base,bio15,32,0.9432920947851946,0.9847842935896233,31.34095103812516,32.719532637339064,0.11020002391575923,0.11747934114695602
2,terramind_v1_base,bio15,32,0.9301923726755942,0.9387418707286542,31.5619584515451,31.852047926663076,0.1347421498161484,0.028947324659373108
3,terramind_v1_base,bio15,32,0.9334948208486937,0.9604852142685352,31.421427658264555,32.32992414965579,0.12858741944866525,0.06349670772541505
4,terramind_v1_base,bio15,32,0.9413334282740896,1.0162965710976033,31.126081866337945,33.60480914549271,0.11389137681374939,0.13857908355974646
0,terramind_v1_base,bio15,64,0.8916877661355439,0.8170654853289742,30.642421127741606,28.07806263376805,0.20489292772420364,0.1444838681081816
1,terramind_v1_base,bio15,64,0.8930606795958477,0.9896589530464198,29.67200848323857,32.88149359398584,0.2024426225598024,0.10872080372252069
2,terramind_v1_base,bio15,64,0.8917539034092167,0.888032537689849,30.25771922808616,30.131451280696915,0.2047749757544255,0.1310232271024191
3,terramind_v1_base,bio15,64,0.8828310688059751,0.9617439289513223,29.716086209114867,32.37229254785308,0.22060930395089973,0.06104052656062542
4,terramind_v1_base,bio15,64,0.8926309867800227,0.9995824288883889,29.515689484845513,33.05214012940586,0.20320992144012295,0.16668016579341827
0,terramind_v1_base,bio15,128,0.8068454191722815,0.7739291307239543,27.72685468500293,26.595702417567892,0.3490004695607054,0.23243200084124593
1,terramind_v1_base,bio15,128,0.8157066824225859,0.9027386823162117,27.101916081990193,29.99356101506341,0.33462260825113843,0.25840505896282706
2,terramind_v1_base,bio15,128,0.8024543396665241,0.868456303600218,27.227734029017117,29.46721855896214,0.35606703275036267,0.16891325766243404
3,terramind_v1_base,bio15,128,0.8063315625970865,0.8726555440413424,27.14111349115035,29.373578220870417,0.34982941115974076,0.226939211585503
4,terramind_v1_base,bio15,128,0.8128804633859318,0.9309619411134858,26.87866284753957,30.783138650294102,0.3392253522454729,0.2771663768834861
0,terramind_v1_base,bio15,256,0.746084119880441,0.744039365470781,25.63882186624842,25.568554976810514,0.4433584860622277,0.29057530860288716
1,terramind_v1_base,bio15,256,0.7525425932551022,0.8969026130986015,25.003284444868587,29.799657154866267,0.43367964533688563,0.26796266308599037
2,terramind_v1_base,bio15,256,0.746950714927244,0.8178672381928467,25.344464338879572,27.750702674058964,0.44206462946967917,0.2629176118282768
3,terramind_v1_base,bio15,256,0.7545827168024738,0.8032255210967211,25.39924778175883,27.03656421673093,0.4306049235029976,0.3450578532301358
4,terramind_v1_base,bio15,256,0.7459392196559653,0.9170100377807694,24.665187187049554,30.321805732041007,0.4435746805790495,0.2986695886724574
0,terramind_v1_base,bio15,512,0.6539117852618824,0.7172425381881404,22.471363946323176,24.647694812052315,0.5723993770956178,0.34075544710032923
1,terramind_v1_base,bio15,512,0.6739336183748825,0.7681245498925022,22.39149532360304,25.520996265016393,0.5458134780241382,0.46308449548646824
2,terramind_v1_base,bio15,512,0.6649467463941675,0.729116685063489,22.56202283979034,24.739345763059088,0.5578458244598106,0.414206586535652
3,terramind_v1_base,bio15,512,0.6561502154137127,0.7910116111316022,22.086010622465587,26.625444151218456,0.5694668948125384,0.36482461716025283
4,terramind_v1_base,bio15,512,0.6726627328548207,0.7937280875431327,22.242230705771913,26.245371260348957,0.5475248478282841,0.47456622006098226
0,terramind_v1_base,bio15,1024,0.5784407398390126,0.6536528337848753,19.87783776744423,22.46246508497938,0.6654063104944958,0.4524689292086639
1,terramind_v1_base,bio15,1024,0.5948212516675044,0.7045112219749211,19.76298096882053,23.407438665935672,0.6461876785647033,0.5483328717568567
2,terramind_v1_base,bio15,1024,0.5804381400617312,0.6900317360979277,19.69459756953894,23.413171104226006,0.663091565561678,0.475327210391734
3,terramind_v1_base,bio15,1024,0.5751047725675764,0.7351533589856056,19.35802171492652,24.745255829612187,0.6692545005699961,0.45136459192039646
4,terramind_v1_base,bio15,1024,0.5860423341300538,0.7653703933573937,19.37804512871554,25.30769732419982,0.6565543826073984,0.5114401100169323
0,terramind_v1_base,bio15,2048,0.4979766215002706,0.6117434733789634,17.11272707802727,21.02227014173639,0.7520192844391762,0.5204287254659206
1,terramind_v1_base,bio15,2048,0.5143522143013411,0.6624556818768601,17.089391148847458,22.010140153482137,0.7354417996433071,0.6006475873198618
2,terramind_v1_base,bio15,2048,0.5015314358328243,0.6424724231447798,17.01724801508482,21.799456482798494,0.7484662188714656,0.5451592225736646
3,terramind_v1_base,bio15,2048,0.4914340349579717,0.7051131161746794,16.541665397816637,23.734101531183615,0.758492589284927,0.49528579538907325
4,terramind_v1_base,bio15,2048,0.5082067566957945,0.7105736950355084,16.804337992944316,23.495792479412188,0.7417258924487415,0.5788927248081991
0,terramind_v1_base,bio15,4096,0.4242121272229096,0.6057575879602145,14.577845739573503,20.81656801041024,0.820044071117014,0.5297679801813927
1,terramind_v1_base,bio15,4096,0.4401462146925386,0.6392349647736106,14.623891234381615,21.238630034350308,0.8062713096918297,0.6281535003525314
2,terramind_v1_base,bio15,4096,0.42881995710446896,0.6170860816617101,14.550105983274758,20.938083403225193,0.8161134443889214,0.5803937842494256
3,terramind_v1_base,bio15,4096,0.42092259753707767,0.6717104347672319,14.168250996343994,22.60976754469115,0.8228241668826394,0.5419718913593751
4,terramind_v1_base,bio15,4096,0.440867946883965,0.6650784729269967,14.577716427444617,21.991449782101167,0.8056354534103174,0.6310901305512091
0,terramind_v1_base,bio15,8192,0.35989666865103914,0.5788290632782401,12.367676026441695,19.89118228475082,0.8704743878938841,0.5706463781633605
1,terramind_v1_base,bio15,8192,0.37454116496926143,0.608376728849425,12.444158531805444,20.213362859547523,0.8597189157434685,0.6631877794591123
2,terramind_v1_base,bio15,8192,0.3621808626955022,0.6047935400186669,12.289003392609576,20.520990448601978,0.8688250226971418,0.5969446425614651
3,terramind_v1_base,bio15,8192,0.3567362080465418,0.6446863528444104,12.00773764919816,21.700137189747085,0.8727392778685744,0.5780850689559427
4,terramind_v1_base,bio15,8192,0.37222676571407354,0.6525059362179829,12.308030689647811,21.575727008583183,0.8614472348860402,0.6449059246363882
0,terramind_v1_base,bio15,16384,0.3029114045009343,0.5484111394434485,10.409404905949497,18.845885059871474,0.9082446810232714,0.6145864244423611
1,terramind_v1_base,bio15,16384,0.3155064578054034,0.5816878333127528,10.48272596494548,19.32662225609477,0.9004556750830872,0.6920908364028231
2,terramind_v1_base,bio15,16384,0.30455377579820936,0.5695248088099132,10.333683367368614,19.324302166590563,0.9072469976470541,0.6425825889519603
3,terramind_v1_base,bio15,16384,0.29917733036640703,0.6318963936013885,10.07030628582835,21.26962722882066,0.9104929249948297,0.594659784053302
4,terramind_v1_base,bio15,16384,0.31468513380938096,0.6204457904276666,10.4053620547457,20.515627882867168,0.900973266559372,0.6789429751833701
0,terramind_v1_tiny,bio04,32,0.7319922010943197,0.724532819067198,3.304491405658664,3.270816884163548,0.4641874175370929,0.3452118027885729
1,terramind_v1_tiny,bio04,32,0.7371440729273567,0.6662797751585998,3.3630406468735767,3.0397395149989883,0.45661861574806784,0.3853275564652068
2,terramind_v1_tiny,bio04,32,0.7305646853586557,0.7602031749952142,3.2602304237332547,3.3924956319564576,0.46627524050680835,0.34622166561664625
3,terramind_v1_tiny,bio04,32,0.7481100065666713,0.797819056852231,3.2421525519231023,3.4575811961117013,0.44033141807481513,0.4718574153780406
4,terramind_v1_tiny,bio04,32,0.7597154120442241,0.8546646977745499,3.2304232700594118,3.634161807737343,0.4228324927024748,0.4989234893186728
0,terramind_v1_tiny,bio04,64,0.6599463298489949,0.6158131447295159,2.979248921206067,2.7800149001923042,0.5644708417188415,0.5269765979424332
1,terramind_v1_tiny,bio04,64,0.6408374132592274,0.6668284183630779,2.9236649253691307,3.0422425499308363,0.5893274097672223,0.3843148446318181
2,terramind_v1_tiny,bio04,64,0.6607148571501997,0.6515087236244939,2.94851738879151,2.9074339354294043,0.5634558775409911,0.5198116308350882
3,terramind_v1_tiny,bio04,64,0.6698048999600352,0.7106857966154394,2.9027945716731285,3.079963833038313,0.5513613959895273,0.5809193132707753
4,terramind_v1_tiny,bio04,64,0.6720215449829744,0.7835104795753094,2.8575358644732787,3.3316034495319364,0.5483870430786961,0.578883621871103
0,terramind_v1_tiny,bio04,128,0.5069409461284865,0.5041703116132137,2.288524384591213,2.276016636599287,0.7430108771383549,0.6829416067621352
1,terramind_v1_tiny,bio04,128,0.5055215239666443,0.4856818259141928,2.3063190714425836,2.2158052720816857,0.7444479888064415,0.6733864577164642
2,terramind_v1_tiny,bio04,128,0.5074124756844577,0.5376703304652084,2.264387566085738,2.399416781342934,0.7425325795197697,0.6729581654924295
3,terramind_v1_tiny,bio04,128,0.5159297552713629,0.5661732350036541,2.235931826320007,2.4536765651599777,0.7338164876256317,0.7340248608498413
4,terramind_v1_tiny,bio04,128,0.5238855160808689,0.5989851516613112,2.2276393729840667,2.5469742389910697,0.7255439660406817,0.7538812919638334
0,terramind_v1_tiny,bio04,256,0.4385563535504637,0.449449130532078,1.9798103070652786,2.028984406579523,0.8076683247605208,0.7480317574351592
1,terramind_v1_tiny,bio04,256,0.43322304008523965,0.4554649198078144,1.976474813959961,2.0779479764821147,0.8123177975393028,0.7127630222314278
2,terramind_v1_tiny,bio04,256,0.4383975012527611,0.47905901567689063,1.9564001663244657,2.1378569190909786,0.8078076308953354,0.7403733905622937
3,terramind_v1_tiny,bio04,256,0.44747797949725887,0.4998452955634438,1.9392761234842697,2.1662251268401116,0.7997634578650508,0.7926931784934974
4,terramind_v1_tiny,bio04,256,0.4600277012166623,0.5078948359263012,1.9561064160416564,2.1596446302434633,0.7883745141133133,0.8230461127682228
0,terramind_v1_tiny,bio04,512,0.3863695104332931,0.4093561199519419,1.7442190323432671,1.8479892918681755,0.8507186014075374,0.7909802650203731
1,terramind_v1_tiny,bio04,512,0.3866793985232044,0.3946384721407936,1.7641307640663058,1.8004420996834611,0.8504790427577329,0.7843599992070354
2,terramind_v1_tiny,bio04,512,0.38630537334763015,0.4413209435323739,1.723932948311989,1.9694463652280703,0.850768158522748,0.7796666476828862
3,terramind_v1_tiny,bio04,512,0.3946907059826636,0.4557337371568206,1.7105071009122266,1.9750548442453055,0.8442192466109066,0.8276684736376081
4,terramind_v1_tiny,bio04,512,0.40607566058150185,0.4607322907878851,1.7266942913936631,1.959102449070937,0.8351025578832969,0.8543837590701658
0,terramind_v1_tiny,bio04,1024,0.3480234536035151,0.38476558308898995,1.5711103388827807,1.7369782612651306,0.878879675741882,0.8153381622245923
1,terramind_v1_tiny,bio04,1024,0.34863382649130187,0.36892828032149994,1.5905570939044826,1.6831455994753326,0.8784544550260328,0.8115420869089558
2,terramind_v1_tiny,bio04,1024,0.35079947126605926,0.4047786539661763,1.5654837064648122,1.8063721208286556,0.8769397309594532,0.8146441190139112
3,terramind_v1_tiny,bio04,1024,0.35540707534235966,0.42442033028778103,1.5402600471019756,1.8393490727415671,0.8736858107965904,0.8505366428088865
4,terramind_v1_tiny,bio04,1024,0.366248064931225,0.4289834466837177,1.557341414046762,1.824101624613108,0.8658623549341332,0.8737609895107
0,terramind_v1_tiny,bio04,2048,0.3266436623514513,0.368038109503966,1.4745938268807848,1.661464076602403,0.893303917845631,0.8310452912436674
1,terramind_v1_tiny,bio04,2048,0.32646097456730305,0.35606136689617707,1.4893988439231947,1.624443436190394,0.8934232320845668,0.8244583435703443
2,terramind_v1_tiny,bio04,2048,0.32884175186820674,0.3883616161685345,1.4674948166442616,1.7331091675157475,0.8918631022282487,0.8293745673459417
3,terramind_v1_tiny,bio04,2048,0.33284358957769056,0.41154957235198597,1.4424746106691295,1.7835698938624842,0.8892151448770379,0.8594642924695922
4,terramind_v1_tiny,bio04,2048,0.34286599405425683,0.41377859503085007,1.4579173614654777,1.7594483323295025,0.8824429101211864,0.8825512079407889
0,terramind_v1_tiny,bio04,4096,0.3080835582885455,0.3553355688685432,1.3908064536873088,1.6041199759592741,0.9050845211122683,0.8425067002921807
1,terramind_v1_tiny,bio04,4096,0.30887149941806,0.34625703559817894,1.4091511433917088,1.579713562919027,0.9045983968472393,0.833992505172238
2,terramind_v1_tiny,bio04,4096,0.31087481174413306,0.3744622579536231,1.3873152451809891,1.6710816553219292,0.9033568514230498,0.8413692894495317
3,terramind_v1_tiny,bio04,4096,0.3152554688030888,0.3941444615171328,1.3662513678575021,1.7081397762826638,0.9006139893897447,0.8710999067478737
4,terramind_v1_tiny,bio04,4096,0.3232287981887586,0.4025657491513517,1.3744170763250823,1.7117696355037566,0.8955231440214508,0.8888303709006955
0,terramind_v1_tiny,bio04,8192,0.30126249741457173,0.3521639477895765,1.3600135903857087,1.5898020753721878,0.9092409076515351,0.8453056310887925
1,terramind_v1_tiny,bio04,8192,0.3020995493986376,0.3438793456342255,1.3782557658675267,1.568865925070969,0.9087358622531402,0.8362645695334594
2,terramind_v1_tiny,bio04,8192,0.3035677005363775,0.371137316260643,1.3547064073325952,1.6562437181839518,0.9078466511910562,0.8441738243656514
3,terramind_v1_tiny,bio04,8192,0.30796757003906305,0.39269059811600776,1.3346671368711462,1.7018390385069802,0.9051559758042348,0.8720490891588527
4,terramind_v1_tiny,bio04,8192,0.3160343584371843,0.3995841866033922,1.3438252467640597,1.6990915940923006,0.9001222842871973,0.8904710059708257
0,terramind_v1_tiny,bio04,16384,0.297075755967113,0.3479867370722056,1.3411130463552996,1.5709445515648874,0.9117459952165683,0.8489536965201046
1,terramind_v1_tiny,bio04,16384,0.29770509573177417,0.34093399827121373,1.358207140745496,1.5554284982051274,0.9113716759753352,0.839057365560388
2,terramind_v1_tiny,bio04,16384,0.2987540719744783,0.36942041501636197,1.333225025080274,1.6485818443368254,0.9107460044786683,0.8456122102146402
3,terramind_v1_tiny,bio04,16384,0.30299025942012575,0.390204075844601,1.3130965114018538,1.6910629654373899,0.9081969026965249,0.8736643329006395
4,terramind_v1_tiny,bio04,16384,0.31142084507266954,0.39503937493324603,1.32420789723449,1.6797663749398188,0.9030170572542243,0.8929483700882819
0,terramind_v1_large,bio01,32,0.9212243830879777,0.8396002027434891,10.778155210218843,9.823167384933956,0.15134563600417494,0.12497940936118457
1,terramind_v1_large,bio01,32,0.9157157250737542,0.7744599297320065,10.954602477565972,9.26477550070776,0.16146471085264869,0.008119409732921579
2,terramind_v1_large,bio01,32,0.9229098929501537,1.0316004684599884,10.385610220331609,11.60871762754209,0.1482373294947359,0.06364107931537866
3,terramind_v1_large,bio01,32,0.9244848322355466,0.9899528468038237,10.447945898484221,11.187824193043404,0.14532779496641335,0.14275073497302937
4,terramind_v1_large,bio01,32,0.9218172514584663,1.0811524569520452,10.258260862028083,12.031391165542475,0.15025295491355872,0.13260472089402997
0,terramind_v1_large,bio01,64,0.8390187729942444,0.7965055797924894,9.816364748756488,9.31896826209018,0.29604749856323254,0.21249948172746502
1,terramind_v1_large,bio01,64,0.8330349190197432,0.7283900874860528,9.965501451241922,8.713647302634987,0.30605282369376974,0.1226163425183896
2,terramind_v1_large,bio01,64,0.8429069924554654,0.9638923935075149,9.485328463625896,10.846790942057211,0.28950780206968196,0.18252139123082478
3,terramind_v1_large,bio01,64,0.8434041242887262,0.9186321963309677,9.53162275411122,10.381803064610756,0.28866948313276697,0.26182143729010066
4,terramind_v1_large,bio01,64,0.8514500267050191,0.972062002986568,9.475193129211709,10.817399612605993,0.27503285202402206,0.2988174338123364
0,terramind_v1_large,bio01,128,0.6895880410078494,0.6296003456273218,8.06805277200769,7.366207828155061,0.5244683336989566,0.5079569308780828
1,terramind_v1_large,bio01,128,0.6707483575375345,0.6462633516666586,8.024085877459155,7.731174508893746,0.5500966408606999,0.30931417319105337
2,terramind_v1_large,bio01,128,0.6850024092638788,0.8122675338923137,7.708410193650965,9.140539117622255,0.5307716993026814,0.41947960659597094
3,terramind_v1_large,bio01,128,0.6875353585486237,0.7563547895504502,7.77009203412937,8.547845929461026,0.5272951307454157,0.4995862591959357
4,terramind_v1_large,bio01,128,0.7011942347595784,0.7768626021677124,7.803101281404753,8.645161679953679,0.5083266451399291,0.5521510036005934
0,terramind_v1_large,bio01,256,0.5927245277469347,0.5759590829162751,6.934767547920704,6.738614968665563,0.6486776342071732,0.5882283275966841
1,terramind_v1_large,bio01,256,0.5789251361453528,0.575889558787705,6.925615185315613,6.889300948206952,0.6648456867390848,0.45154639419101006
2,terramind_v1_large,bio01,256,0.5954622764422118,0.7185062955266315,6.700804870191311,8.08543323191031,0.6454246773342589,0.545765154990866
3,terramind_v1_large,bio01,256,0.599377498337109,0.6548763480230578,6.773787366809693,7.401000432233905,0.640746614487149,0.6248571145313992
4,terramind_v1_large,bio01,256,0.610448255791383,0.6721738727110547,6.793252614747445,7.480153867722188,0.6273529270012581,0.6647209402237465
0,terramind_v1_large,bio01,512,0.48966604469993447,0.49867152766896894,5.72900232284657,5.834364862516966,0.7602271646679217,0.6913243667290516
1,terramind_v1_large,bio01,512,0.47852882158479804,0.47404154755351463,5.7245855566160175,5.6709048163593465,0.7710101669126646,0.6283840880857848
2,terramind_v1_large,bio01,512,0.4961268799232018,0.6211427334649623,5.582972334682064,6.989789976066812,0.7538581190176689,0.660529446220928
3,terramind_v1_large,bio01,512,0.4955564439755797,0.5579160448697866,5.60046713019372,6.305216105228787,0.7544238108342782,0.7277199596827195
4,terramind_v1_large,bio01,512,0.5019393215117898,0.5862395826378328,5.585732407564884,6.523851122589943,0.7480569175202841,0.7449687192788292
0,terramind_v1_large,bio01,1024,0.39736881487993103,0.43199508508486445,4.649141770593595,5.054262789051071,0.8420980249609191,0.76835079463845
1,terramind_v1_large,bio01,1024,0.38792786243886623,0.43264617535481337,4.640736640300657,5.17569671627216,0.8495119735436121,0.6904525543459779
2,terramind_v1_large,bio01,1024,0.40419902438714433,0.5269894073946645,4.548497694146782,5.9302718776002905,0.8366231486844807,0.7556439687977343
3,terramind_v1_large,bio01,1024,0.4062109431711066,0.46668719463467523,4.590740500728925,5.274205022795009,0.8349926696480401,0.8094846939770817
4,terramind_v1_large,bio01,1024,0.4123086912322216,0.4838861122071764,4.588295676509578,5.384830773654026,0.8300015431343725,0.8262481287376888
0,terramind_v1_large,bio01,2048,0.30328882278375924,0.3542192527205942,3.5484232305242327,4.144299899192718,0.9080158899744415,0.8442537752589412
1,terramind_v1_large,bio01,2048,0.2969045418436793,0.3440856320167344,3.551835070199926,4.1162570464079495,0.9118476930325948,0.8042081710637344
2,terramind_v1_large,bio01,2048,0.3115617924137274,0.4216624080787034,3.5060403675914538,4.745015155478381,0.9029292495079454,0.8435595486430805
3,terramind_v1_large,bio01,2048,0.31017653827606256,0.38039525417091197,3.505420077956211,4.29898780514994,0.9037905151030783,0.8734248986737743
4,terramind_v1_large,bio01,2048,0.3148366717910063,0.3971762599768203,3.503597592198779,4.419897341462158,0.9008778700955622,0.8829396714200026
0,terramind_v1_large,bio01,4096,0.23616863500447174,0.30114477708691995,2.763129417447824,3.523338327342129,0.9442243758401246,0.8874296869142424
1,terramind_v1_large,bio01,4096,0.230143731820427,0.29542861842979484,2.753183133255942,3.534178744656595,0.9470338627037673,0.8556666758765638
2,terramind_v1_large,bio01,4096,0.24057902142017085,0.36973013257317244,2.707263154152766,4.160615351009806,0.942121734452513,0.8797212284040775
3,terramind_v1_large,bio01,4096,0.23976302492089394,0.32688406722903346,2.7096508569436244,3.6942380398839516,0.9425136918807828,0.9065314275643649
4,terramind_v1_large,bio01,4096,0.24657337387095116,0.3328001310617042,2.743942984650454,3.7035003121121295,0.9392015712978962,0.9178116707196331
0,terramind_v1_large,bio01,8192,0.18356839259798471,0.2572476002363924,2.1477162881673646,3.0097494395419537,0.9663026452389921,0.917855996139873
1,terramind_v1_large,bio01,8192,0.17891280877411614,0.25605465745533085,2.140313455080129,3.063152549716816,0.9679902068565566,0.8915756452116558
2,terramind_v1_large,bio01,8192,0.18608702968007707,0.3308017365100959,2.0940585687735425,3.722549677373074,0.9653716173848461,0.9037158385711309
3,terramind_v1_large,bio01,8192,0.18477211970689397,0.28955270451651133,2.0881782466706715,3.2723424820920504,0.9658592637790212,0.9266612750478291
4,terramind_v1_large,bio01,8192,0.19057618982660243,0.29378077288884125,2.1207893918765177,3.2692811082887645,0.9636807158711748,0.9359543093925622
0,terramind_v1_large,bio01,16384,0.14112294731555114,0.23661997904594056,1.6511123998118074,2.7684100808117926,0.9800843137409722,0.9305014047640944
1,terramind_v1_large,bio01,16384,0.13958753030791737,0.22602569101022302,1.6698696423109376,2.703919450436186,0.9805153213825363,0.9155154883158381
2,terramind_v1_large,bio01,16384,0.1444859224938367,0.3038790114600183,1.6259165721401354,3.419585193398557,0.9791238182011051,0.918750499284662
3,terramind_v1_large,bio01,16384,0.14366782261757835,0.2587099454405019,1.6236433530837928,2.923777033623133,0.9793595567443241,0.9414530396225222
4,terramind_v1_large,bio01,16384,0.1485729348145627,0.2603336807729761,1.6533644656988722,2.897071746626268,0.9779260830405877,0.9497074226595559
0,terramind_v1_large,bio12,32,0.9157519603392232,0.8208986768612394,847.4560446447783,759.6768306102149,0.16139834713486945,0.16071786538563593
1,terramind_v1_large,bio12,32,0.9073926457821603,0.9539698139666981,823.1810482956149,865.4355680709954,0.17663858638045093,0.09713031603358269
2,terramind_v1_large,bio12,32,0.9169913458999206,1.0874135844179809,799.6868578349086,948.3081323674533,0.159126871544652,0.1706723702899734
3,terramind_v1_large,bio12,32,0.912169582288666,0.9484051005158075,823.6615275748359,856.38110797749,0.1679466531473206,0.14166729885102514
4,terramind_v1_large,bio12,32,0.9149670290180729,0.7917415987466149,851.1852618255349,736.5497981866587,0.1628353358098409,0.15296400830963963
0,terramind_v1_large,bio12,64,0.8355231118931684,0.7516084192014574,773.2105878379527,695.5541759726431,0.3019011294923558,0.29642218047782154
1,terramind_v1_large,bio12,64,0.8154793043785236,0.9026259485484978,739.7978284058656,818.8567279337444,0.33499350413031925,0.19170213050722806
2,terramind_v1_large,bio12,64,0.8395409411692715,0.9895295606877805,732.1441585537373,862.9457483913056,0.2951710081006137,0.3132571103254669
3,terramind_v1_large,bio12,64,0.8343480046688619,0.8583432638289278,753.3909976628441,775.057992853619,0.30386340710508875,0.2969440253048443
4,terramind_v1_large,bio12,64,0.8359780657052555,0.7172984097462923,777.7025689156036,667.2959940632503,0.30114067365969965,0.30476012464530977
0,terramind_v1_large,bio12,128,0.7660079838192423,0.7159104554333271,708.8798322225085,662.5185309894598,0.4132317687251792,0.3616684983128807
1,terramind_v1_large,bio12,128,0.7542708053097019,0.8341777074927877,684.2698529351682,756.7609043144573,0.43107555225745375,0.3096442212852045
2,terramind_v1_large,bio12,128,0.7630495038491474,0.9624007669015637,665.437752412783,839.2873553673334,0.41775545467556996,0.35039621437650215
3,terramind_v1_large,bio12,128,0.7748732069831983,0.7701806357556228,699.6870556586717,695.4498090289786,0.3995715130995735,0.43395222545834233
4,terramind_v1_large,bio12,128,0.7709404445086736,0.6590240659047493,717.1986785680691,613.0839173415593,0.4056508310207687,0.41313597827067017
0,terramind_v1_large,bio12,256,0.7014942049996099,0.6706938791767885,649.1774298526974,620.6741649632236,0.507905880351965,0.4397555626197561
1,terramind_v1_large,bio12,256,0.6842370033226879,0.7936002857022422,620.7356169801433,719.9493136663273,0.5318197232839881,0.37517350599201826
2,terramind_v1_large,bio12,256,0.7047393696215418,0.8764341966314906,614.5868383437306,764.3179053290422,0.5033424209054317,0.46126492059616864
3,terramind_v1_large,bio12,256,0.7126861354884233,0.7111718375352755,643.534011574718,642.1666485630528,0.49207847228257673,0.5173670179335533
4,terramind_v1_large,bio12,256,0.7103779009787752,0.5987207932536468,660.8579111362376,556.9843478631908,0.49536323780098956,0.5156228813176449
0,terramind_v1_large,bio12,512,0.6344299524436495,0.6208065532462159,587.1147657260439,574.5073893711447,0.5974986354423484,0.519999762055158
1,terramind_v1_large,bio12,512,0.615881971185421,0.7436086222955218,558.7243505231603,674.5971856460866,0.6206893975687603,0.45141410246494296
2,terramind_v1_large,bio12,512,0.640050255346241,0.8004276444205086,558.172963990994,698.0343571535212,0.5903356706312115,0.5506540980352415
3,terramind_v1_large,bio12,512,0.641251612748187,0.6722766656622958,579.0307997718588,607.0454853841031,0.5887963691478493,0.5687153793859472
4,terramind_v1_large,bio12,512,0.6398121251484667,0.5761126373785189,595.2112303876731,535.9521931944748,0.5906404445130028,0.551513122103148
0,terramind_v1_large,bio12,1024,0.5623615998497296,0.5799680050958006,520.4212027583885,536.7145386337602,0.6837494310144525,0.5810743631386299
1,terramind_v1_large,bio12,1024,0.5432973884463601,0.7053622595170478,492.876061924313,639.9003204248929,0.7048279477073649,0.5063942123512738
2,terramind_v1_large,bio12,1024,0.5681689475425137,0.740922054026477,495.48694494825287,646.1409132132852,0.6771840470484323,0.6149814355652297
3,terramind_v1_large,bio12,1024,0.5713179544515944,0.6138588094416148,515.8828228313577,554.2959291134753,0.6735957949212459,0.6404122548805158
4,terramind_v1_large,bio12,1024,0.5703153336134877,0.5217016156381639,530.5590159348069,485.33412850982097,0.6747404202453362,0.6322274590069852
0,terramind_v1_large,bio12,2048,0.5050741702752755,0.5669456776437055,467.4062159704532,524.6634052941662,0.744900082520742,0.5996758736887007
1,terramind_v1_large,bio12,2048,0.48649890338488777,0.6800672497909426,441.3488244698458,616.9528419303474,0.7633188170053016,0.541161842559328
2,terramind_v1_large,bio12,2048,0.5077977764966018,0.7259206823486901,442.838648337353,633.0585658377274,0.7421414181851071,0.6304144638563427
3,terramind_v1_large,bio12,2048,0.5147879299034259,0.5870185536859599,464.8379219357868,530.0599899079914,0.7349933872257455,0.6711699087323184
4,terramind_v1_large,bio12,2048,0.5144839598897443,0.5015639694425069,478.6196116517172,466.60026640352123,0.735306255016168,0.6600714837717104
0,terramind_v1_large,bio12,4096,0.43734990697136156,0.5550946388480202,404.7327634343213,513.6962064737857,0.8087250588721413,0.6162371479425449
1,terramind_v1_large,bio12,4096,0.4203548946682432,0.6670858756401071,381.3433855096216,605.1762209056816,0.8233017625284501,0.5585116011275664
2,terramind_v1_large,bio12,4096,0.44263840517424663,0.7017665279211522,386.0146740964729,611.9942899625061,0.8040712422647994,0.6546003238152227
3,terramind_v1_large,bio12,4096,0.44888776086352555,0.5661736901275448,405.3320644039589,511.2377087719794,0.7984997781469303,0.6941086015917765
4,terramind_v1_large,bio12,4096,0.44813124418369965,0.49250122703453125,416.89230069337816,458.1692814756352,0.7991783879863693,0.6722448150831009
0,terramind_v1_large,bio12,8192,0.37296138596265327,0.5437060571390674,345.1462761868141,503.15697388230905,0.8608998045808167,0.6318225293608054
1,terramind_v1_large,bio12,8192,0.35868635346615707,0.6474661301482342,325.39806383299936,587.3773084845403,0.871344099837151,0.5840990475833149
2,terramind_v1_large,bio12,8192,0.37543017452849875,0.6783402277638139,327.40393677064844,591.5647566899154,0.8590521840535009,0.6772756222501379
3,terramind_v1_large,bio12,8192,0.3808142442183754,0.5457995451429184,343.8637396191974,492.8404714996409,0.8549805114003876,0.7157279013554676
4,terramind_v1_large,bio12,8192,0.38273886462921847,0.4757458990650762,356.0583824897633,442.5819580856179,0.8535109615023367,0.6941665078490624
0,terramind_v1_large,bio12,16384,0.3109116502977339,0.5248117645231356,287.72415098671627,485.67179930986845,0.9033339457091396,0.6569669292155715
1,terramind_v1_large,bio12,16384,0.3011622258085599,0.6266392289485825,273.212528641545,568.4832718254515,0.909301313746034,0.610425103810337
2,terramind_v1_large,bio12,16384,0.3132349472763537,0.658381651691043,273.16492377929694,574.1593477744718,0.9018838678047799,0.6959870633409099
3,terramind_v1_large,bio12,16384,0.3192785426757457,0.525553957238449,288.2988629155899,474.55931950673244,0.8980612121868521,0.7364260300639712
4,terramind_v1_large,bio12,16384,0.3209496005354617,0.4547102364381383,298.5764080959765,423.01267717243695,0.8969913539161276,0.7206141547433772
0,terramind_v1_tiny,bio01,32,0.7171661003456418,0.7144786494208926,8.390710973153126,8.35926833714421,0.4856727845150248,0.3663466809197119
1,terramind_v1_tiny,bio01,32,0.7134206541132744,0.6588019127684314,8.534569680652588,7.881171923321236,0.49103097028458775,0.28225332417133664
2,terramind_v1_tiny,bio01,32,0.7314235365595562,0.7943969602472655,8.230792426892833,8.939439517610346,0.46501961016671167,0.4447424936741675
3,terramind_v1_tiny,bio01,32,0.7295088241528168,0.7781155020491808,8.244449733864034,8.79377179241313,0.46781687548317463,0.4703777292662846
4,terramind_v1_tiny,bio01,32,0.7425315788034432,0.8085316988211844,8.263115731166582,8.997584947151706,0.4486468544796659,0.5148932948765548
0,terramind_v1_tiny,bio01,64,0.5836061844474215,0.5445352207609959,6.828084616938897,6.370961578648067,0.6594038214747222,0.6319344640469022
1,terramind_v1_tiny,bio01,64,0.5695196216899074,0.547849252272997,6.81309809115155,6.5538579397095775,0.6756474005101847,0.5036550204676271
2,terramind_v1_tiny,bio01,64,0.5906467689553893,0.6504747048299256,6.646615416493209,7.319866002081462,0.651136394322559,0.6277110753670326
3,terramind_v1_tiny,bio01,64,0.5918471569956828,0.6165117929744697,6.688684184970461,6.9674283881566845,0.6497169427561277,0.6675235562763029
4,terramind_v1_tiny,bio01,64,0.5869387127147069,0.6933428382024737,6.531631312893439,7.715728528591689,0.6555029475168028,0.6432703212206496
0,terramind_v1_tiny,bio01,128,0.43860057379841416,0.44081127435639467,5.1315457377715745,5.157410575786001,0.8076295366637019,0.7587992851710839
1,terramind_v1_tiny,bio01,128,0.43509347354122796,0.4039042372606463,5.204973455687875,4.831860160131376,0.8106936692818287,0.7302146855765598
2,terramind_v1_tiny,bio01,128,0.4481475903244103,0.5123525321600431,5.043055913765341,5.765561446633813,0.7991637372864245,0.7690292073067404
3,terramind_v1_tiny,bio01,128,0.4454749171736234,0.4797626151528489,5.0344772301972665,5.421975240117384,0.8015520981691534,0.7986596079331507
4,terramind_v1_tiny,bio01,128,0.4520906476345195,0.5059275808495354,5.031001304447502,5.630114902236037,0.7956140463214006,0.8100584898811044
0,terramind_v1_tiny,bio01,256,0.35917305663113636,0.35480325566223064,4.202258450708423,4.151132634406972,0.8709947153902465,0.8437397928443833
1,terramind_v1_tiny,bio01,256,0.3515031607816527,0.3489715355092682,4.204992105998183,4.174706561198786,0.8764455279605076,0.7986083334845476
2,terramind_v1_tiny,bio01,256,0.36577434489896576,0.4141048286210676,4.1161003971971715,4.6599688302407,0.8662091286137324,0.8491171495283669
3,terramind_v1_tiny,bio01,256,0.3613020129928392,0.40950672001503174,4.083208025410762,4.627987298971961,0.8694608554073223,0.8533101145093438
4,terramind_v1_tiny,bio01,256,0.3720569475765528,0.40707051391319493,4.140362109170915,4.530003561107137,0.8615736277600182,0.8770347305275489
0,terramind_v1_tiny,bio01,512,0.3132898574515541,0.3149984502996444,3.665433486625296,3.6854237599762087,0.9018494652179849,0.876834226789284
1,terramind_v1_tiny,bio01,512,0.3077915350007856,0.30901301108769985,3.6820749201682226,3.6966873026529496,0.9052643709818602,0.8420880419208777
2,terramind_v1_tiny,bio01,512,0.31674493174838075,0.387246635149456,3.5643668268397977,4.35773053412001,0.8996726482117137,0.8680544959353097
3,terramind_v1_tiny,bio01,512,0.31492692887349844,0.3654055865475294,3.5591060045027336,4.129584045333257,0.9008210294703065,0.8832038655553379
4,terramind_v1_tiny,bio01,512,0.3240730371662472,0.36270037164612695,3.606382655105378,4.036239231985769,0.8949766665818442,0.9023799162079831
0,terramind_v1_tiny,bio01,1024,0.27448803902345714,0.28954606510561487,3.2114593711730937,3.3876355478242535,0.924656316433057,0.8959340776402335
1,terramind_v1_tiny,bio01,1024,0.26983736344129305,0.2810646692045778,3.228033508461332,3.36234447087399,0.9271877972910515,0.8693606531626072
2,terramind_v1_tiny,bio01,1024,0.27961882818411554,0.3412261171929653,3.1465825525586744,3.839856403574236,0.921813310924942,0.8975519209266715
3,terramind_v1_tiny,bio01,1024,0.27738388263009855,0.32706507861789874,3.134818120796731,3.6962837591938267,0.9230581816570518,0.9064278828388483
4,terramind_v1_tiny,bio01,1024,0.28382635861722183,0.33282370261865457,3.158505446540046,3.703762622576283,0.9194425981540881,0.9178000278426555
0,terramind_v1_tiny,bio01,2048,0.25168561031442266,0.27454094739014046,2.9446751568472496,3.212078437744531,0.9366543535606566,0.906440593265096
1,terramind_v1_tiny,bio01,2048,0.24858338826370696,0.2659490145623247,2.973774630209656,3.181517629370285,0.9382062990793352,0.8830343717668113
2,terramind_v1_tiny,bio01,2048,0.2568515794906865,0.3232968943769479,2.890380108574183,3.6380968157726423,0.9340272661131396,0.908035046306403
3,terramind_v1_tiny,bio01,2048,0.25538156812501667,0.30882405118199,2.8861618079650815,3.490135143620129,0.9347802546620075,0.9165742085869174
4,terramind_v1_tiny,bio01,2048,0.2621469137821961,0.3046759516357187,2.9172500305541984,3.3905259508878,0.9312789955944698,0.9311158145118368
0,terramind_v1_tiny,bio01,4096,0.23805274235853557,0.259523923338905,2.785173119218079,3.036382027444072,0.9433308918555807,0.9163958185345928
1,terramind_v1_tiny,bio01,4096,0.23438019220588283,0.2599221828153204,2.8038634179091058,3.109419320601551,0.9450659255015335,0.8882755621903923
2,terramind_v1_tiny,bio01,4096,0.24248835825923204,0.31259481791940313,2.7287491474058343,3.5176651311227918,0.9411993961087424,0.9140228906905125
3,terramind_v1_tiny,bio01,4096,0.2419363746293974,0.29433516012086364,2.73421269166536,3.32639081892107,0.9414667906311839,0.9242186404741544
4,terramind_v1_tiny,bio01,4096,0.24682709041856607,0.2975000757010501,2.74676640495162,3.310670638350566,0.939076387435505,0.9343223906663323
0,terramind_v1_tiny,bio01,8192,0.2318564979219017,0.2593493445150337,2.712678199835811,3.034339482373208,0.9462425643713912,0.916508259887685
1,terramind_v1_tiny,bio01,8192,0.22860546078744964,0.25825312326073485,2.734780965263273,3.0894525464242446,0.9477395432981578,0.8897058058552342
2,terramind_v1_tiny,bio01,8192,0.23669038952077875,0.3122667638842709,2.663503945547235,3.5139734974932906,0.943977659508502,0.9142032541259747
3,terramind_v1_tiny,bio01,8192,0.23557815801676732,0.294251238036923,2.6623561279649395,3.3254423891412843,0.944502931465427,0.9242618485160081
4,terramind_v1_tiny,bio01,8192,0.24121490585557426,0.290196432405698,2.6843123149164985,3.229393478776847,0.9418153691930864,0.9375075843044882
0,terramind_v1_tiny,bio01,16384,0.22811266851719497,0.25781844076198235,2.668876088215812,3.016428200082708,0.9479646104619643,0.9174910313920005
1,terramind_v1_tiny,bio01,16384,0.2252369842585915,0.2539350602744938,2.694484262403604,3.0377960574519984,0.949268300922095,0.8933632694729544
2,terramind_v1_tiny,bio01,16384,0.23242264251884212,0.31022156397660905,2.615478504887308,3.490958636244126,0.9459797152445585,0.9153234301371826
3,terramind_v1_tiny,bio01,16384,0.23199768214084224,0.29123063833452967,2.6218918463453638,3.291305467634753,0.9461770754812767,0.9258088286440883
4,terramind_v1_tiny,bio01,16384,0.2371243089664878,0.2891627092058182,2.6387909170603794,3.2178898957049733,0.9437720620971656,0.9379520060514638
0,terramind_v1_base,bio01,32,0.8161154717530423,0.7657512278536531,9.548400351286233,8.959148026471015,0.3339555367653092,0.2721387366253044
1,terramind_v1_base,bio01,32,0.8075636294378501,0.71565717428029,9.660791326668322,8.561324898886713,0.3478409844091668,0.15302313939682144
2,terramind_v1_base,bio01,32,0.8241628176319448,0.9194058940153486,9.274398129395927,10.346179300023863,0.3207556500329738,0.2562382186893667
3,terramind_v1_base,bio01,32,0.8210004358897032,0.8853032828056635,9.278430362928084,10.005140677165505,0.3259582842689175,0.3144135067577799
4,terramind_v1_base,bio01,32,0.8303692739779126,0.9301623830072009,9.240600141271589,10.35112798291871,0.31048686883339427,0.35796202085984685
0,terramind_v1_base,bio01,64,0.7449565271563942,0.6822335757640641,8.715853837900536,7.982006909305814,0.4450397726470845,0.4222507617216823
1,terramind_v1_base,bio01,64,0.7299699277302011,0.6721659900864582,8.732546752257129,8.041044836380426,0.467143904609565,0.2528383786202414
2,terramind_v1_base,bio01,64,0.7410533862182804,0.8779413959399646,8.339158221978776,9.879574578711258,0.4508398787744201,0.3218116190320667
3,terramind_v1_base,bio01,64,0.7520647612159833,0.7852446358432272,8.499362741252469,8.874340793817657,0.43439859493714605,0.460628418743393
4,terramind_v1_base,bio01,64,0.7515719310267337,0.865505125422993,8.363719504206346,9.631602472522763,0.43513963249274656,0.4441181898727551
0,terramind_v1_base,bio01,128,0.6118548361518351,0.6083971169953593,7.158588624080667,7.118134000092561,0.6256336594776111,0.5405402224039016
1,terramind_v1_base,bio01,128,0.6042844210577518,0.5835400452264914,7.228985410021912,6.980822825835637,0.6348403384668977,0.4368775828953645
2,terramind_v1_base,bio01,128,0.6210438238967405,0.7270577871957253,6.988676940807942,8.181664132604165,0.6143045687997144,0.5348884207574326
3,terramind_v1_base,bio01,128,0.6249835920765957,0.6618209853598046,7.0631713276625625,7.479484344156522,0.6093955096350356,0.6168585209442431
4,terramind_v1_base,bio01,128,0.6347897732153944,0.6961566462220319,7.064132370631921,7.747041388077946,0.5970419438211481,0.640368998573998
0,terramind_v1_base,bio01,256,0.5179757375670104,0.5143967337871934,6.0602205050488855,6.018346868559263,0.7317011352919115,0.6715497415934146
1,terramind_v1_base,bio01,256,0.5096128777642736,0.4896874195096718,6.096440567558454,5.858074570191249,0.7402947148168156,0.603448697720486
2,terramind_v1_base,bio01,256,0.5244381947479456,0.6207794669178717,5.901562781477578,6.985702093339352,0.7249645798895159,0.660926399219932
3,terramind_v1_base,bio01,256,0.5202711858168664,0.5900139956682439,5.879777593700809,6.6679669556326155,0.7293178932087118,0.6954891784852153
4,terramind_v1_base,bio01,256,0.5324687650163348,0.6050384445472364,5.925473280011971,6.733050529117153,0.7164770142819792,0.7283503707099455
0,terramind_v1_base,bio01,512,0.4021844132608982,0.4184289287832362,4.705483383746479,4.89554124505189,0.8382476977299871,0.7826715371044402
1,terramind_v1_base,bio01,512,0.39432903145109544,0.39787692222238424,4.7173130949603275,4.759756105569608,0.844504614954841,0.7382064233576661
2,terramind_v1_base,bio01,512,0.41004568543570064,0.491050883710442,4.6142908370467834,5.52585157960429,0.8318625358555665,0.7878357116756874
3,terramind_v1_base,bio01,512,0.41196793110284313,0.44874394095255044,4.655802353269717,5.071421670938988,0.8302824237428431,0.8238529805210228
4,terramind_v1_base,bio01,512,0.41537466498125847,0.48223569015671286,4.622414757342442,5.366464386812363,0.8274638876917073,0.8274313611974717
0,terramind_v1_base,bio01,1024,0.32426002323460146,0.3576512164739851,3.7937824079108218,4.184453258707766,0.8948554373318958,0.8412211630927747
1,terramind_v1_base,bio01,1024,0.3182985998171804,0.34501993292358557,3.807769741517647,4.12743398347993,0.8986860013544224,0.8031434544901848
2,terramind_v1_base,bio01,1024,0.33057471637500674,0.43244132491153603,3.7199949661927594,4.8663115370217485,0.8907203568935839,0.8354591753698835
3,terramind_v1_base,bio01,1024,0.33111898858384314,0.38528198976264916,3.742098473028579,4.354214622563369,0.8903602153992127,0.870151923698227
4,terramind_v1_base,bio01,1024,0.3365764841595103,0.4030724732041484,3.7455247947672268,4.485512197258682,0.8867162703108229,0.8794382744550858
0,terramind_v1_base,bio01,2048,0.25302581869574325,0.29399738174119505,2.9603553601928505,3.439715132329494,0.9359779350733488,0.8927097817655959
1,terramind_v1_base,bio01,2048,0.2469056888398476,0.29286772668097255,2.953704509387058,3.503543082105787,0.9390375808185204,0.8581581068427665
2,terramind_v1_base,bio01,2048,0.2583373425355572,0.3566964942428576,2.9070995678236624,4.013946321146444,0.9332618174516663,0.8880518366383847
3,terramind_v1_base,bio01,2048,0.25558606475205453,0.32722550815119805,2.888472895978264,3.698096819550632,0.9346757635045586,0.9063360637252281
4,terramind_v1_base,bio01,2048,0.2648744176046138,0.32176105246316816,2.9476025277424176,3.5806541189243415,0.9298415428986166,0.9231736637837674
0,terramind_v1_base,bio01,4096,0.20274565865321056,0.2628937836243037,2.372086766824096,3.0758087727322265,0.9588941978972758,0.9142105591841473
1,terramind_v1_base,bio01,4096,0.19909310044561984,0.25695014007883493,2.3817279812134458,3.07386510985856,0.9603619373549503,0.8908159487975846
2,terramind_v1_base,bio01,4096,0.20604138618933757,0.33202553728360223,2.3186072082264215,3.73632124787083,0.9575469471771763,0.9030021144332625
3,terramind_v1_base,bio01,4096,0.20763212431276412,0.2823106597414389,2.3465276337170913,3.1904974449886794,0.9568889009533689,0.930283968483448
4,terramind_v1_base,bio01,4096,0.2112556164413881,0.2941994063042024,2.3509163099126913,3.2739398117577605,0.9553710645219691,0.9357716509492919
0,terramind_v1_base,bio01,8192,0.16348946925852717,0.2409725905277092,1.9127965912263696,2.8193348493435715,0.9732711934415651,0.9279210425836152
1,terramind_v1_base,bio01,8192,0.16112605279205483,0.23318417786769766,1.9275325302281523,2.7895555909681535,0.9740383951116519,0.9100793070221254
2,terramind_v1_base,bio01,8192,0.1665102944059338,0.29708116663142414,1.8737593360174436,3.343088264358712,0.9722743218568493,0.9223449806201565
3,terramind_v1_base,bio01,8192,0.16647529540792538,0.25841052841152823,1.8813990525579505,2.920393215815514,0.972285976018844,0.941588479431652
4,terramind_v1_base,bio01,8192,0.1704603265406025,0.26585638434330056,1.896933985054,2.958530100517529,0.9709432770756712,0.9475509817998743
0,terramind_v1_base,bio01,16384,0.13302921014897748,0.22401262244796033,1.5564171748211415,2.6209063480438655,0.9823032292471392,0.9377100211106424
1,terramind_v1_base,bio01,16384,0.1314613720235358,0.21608887396444781,1.5726573401034742,2.5850464293267064,0.9827179076656896,0.9227806218848085
2,terramind_v1_base,bio01,16384,0.13708531428556897,0.2764369953523276,1.542636681178196,3.1107770620701403,0.9812076166072268,0.9327624904801829
3,terramind_v1_base,bio01,16384,0.1361798509439279,0.23858385486751446,1.5390190044892256,2.6963246372486984,0.9814550481968896,0.9502079271562901
4,terramind_v1_base,bio01,16384,0.1401251954355254,0.24663190126374454,1.5593554769900928,2.7445942119221156,0.9803649296041558,0.9548620660529739
0,terramind_v1_tiny,bio15,32,0.8934244383728503,0.8569170772408752,30.702101028279507,29.44754329114915,0.201792772918157,0.05899470281908903
1,terramind_v1_tiny,bio15,32,0.9074055392116456,0.9680409833142773,30.148617513095854,32.163234898889115,0.17661518740802273,0.14723347873914017
2,terramind_v1_tiny,bio15,32,0.8942332748997024,0.9239378669177216,30.34184569855882,31.349739642000884,0.20034685006215325,0.05933292276463609
3,terramind_v1_tiny,bio15,32,0.8928200931384398,0.9653927190002232,30.052316673599538,32.495110767398714,0.20287228128826773,0.05390231646426813
4,terramind_v1_tiny,bio15,32,0.9113703553441378,0.9716370849858261,30.135324463967986,32.12810074860585,0.1694040753999,0.2126231224193047
0,terramind_v1_tiny,bio15,64,0.791541165857429,0.7548144095770347,27.2009313935109,25.938834267156917,0.3734625827530621,0.26987900459225633
1,terramind_v1_tiny,bio15,64,0.8030118331644208,0.8644315438161212,26.680128738729778,28.72080344016334,0.35517199579791636,0.3200079013872801
2,terramind_v1_tiny,bio15,64,0.7966483465344637,0.78799461445858,27.030733354231643,26.73710741190964,0.36535141196390497,0.31577819633431115
3,terramind_v1_tiny,bio15,64,0.7830112904028335,0.8772472496668474,26.356153328832058,29.528135022879425,0.38689331910168967,0.21878248503291298
4,terramind_v1_tiny,bio15,64,0.8016067330772941,0.8812618887048395,26.50588626861571,29.139759086267286,0.3574266454851478,0.35228423147519905
0,terramind_v1_tiny,bio15,128,0.738351081859625,0.7555524668420975,25.37307973605045,25.96419705085931,0.4548376799167214,0.26845048242261094
1,terramind_v1_tiny,bio15,128,0.7570789239076842,0.828194472400147,25.154004371042845,27.51682396043048,0.4268315029747828,0.3758236504566599
2,terramind_v1_tiny,bio15,128,0.7499634159732053,0.764974702217824,25.446686997196565,25.956028669018064,0.4375548747018011,0.35517100526210676
3,terramind_v1_tiny,bio15,128,0.7329927027647533,0.8579031479952525,24.672528082754948,28.877012691874278,0.46272169769362215,0.252855740648369
4,terramind_v1_tiny,bio15,128,0.7628609488232821,0.820633178380071,25.224720205051277,27.135013448328813,0.4180431727604417,0.4383411125027652
0,terramind_v1_tiny,bio15,256,0.6589224690716384,0.6899860070665588,22.643553688142706,23.71103744777142,0.5658211797525358,0.38990840887445033
1,terramind_v1_tiny,bio15,256,0.6765943984991675,0.7634849932554925,22.479899956801102,25.366846606275914,0.5422200199195497,0.4695509644604584
2,terramind_v1_tiny,bio15,256,0.6669266582462651,0.7031812333787355,22.629202365378113,23.85934106504047,0.5552088325204696,0.4551399646813751
3,terramind_v1_tiny,bio15,256,0.6564363993427292,0.783052777106717,22.09564357039333,26.357549854331612,0.5690912536179529,0.3775420625824625
4,terramind_v1_tiny,bio15,256,0.6804720405176838,0.7494778193685654,22.500452865054847,24.782194127194906,0.5369578020736997,0.5315189146029266
0,terramind_v1_tiny,bio15,512,0.6156623580702524,0.6717387236986145,21.156940809162837,23.08397826330741,0.6209598608553764,0.4217505317437742
1,terramind_v1_tiny,bio15,512,0.6360117202590302,0.7293631302580054,21.131537421968215,24.233145185572415,0.5954890916931491,0.5159053699261054
2,terramind_v1_tiny,bio15,512,0.6241369769925966,0.685115520298834,21.177324022252435,23.246361078938264,0.610453033950543,0.48277676924715685
3,terramind_v1_tiny,bio15,512,0.6140742613119378,0.7534115058596688,20.66973435220802,25.359824918599728,0.6229128015941979,0.42377454739403375
4,terramind_v1_tiny,bio15,512,0.6348828031368047,0.7464080278003209,20.99300152203432,24.680688502182033,0.5969238262811534,0.5353487652168982
0,terramind_v1_tiny,bio15,1024,0.569879028284949,0.6481343368705125,19.583618730780316,22.272824832998744,0.6752378931210024,0.46167502021445816
1,terramind_v1_tiny,bio15,1024,0.5922907500990494,0.6818883163331501,19.678904900738583,22.6557908874957,0.6491916673471054,0.5768745458623872
2,terramind_v1_tiny,bio15,1024,0.5795087820611454,0.6447721850882724,19.663063877441935,21.877488671986004,0.6641695715140079,0.5418971443189311
3,terramind_v1_tiny,bio15,1024,0.5670413948077151,0.7240951481273649,19.086608463429553,24.373036565835594,0.678464056574521,0.4677456543536116
4,terramind_v1_tiny,bio15,1024,0.5879987796509492,0.7157047237936828,19.442736826076835,23.66545470603788,0.6542574351289946,0.5727891643349035
0,terramind_v1_tiny,bio15,2048,0.5435152598224359,0.6351371749725937,18.67764054770135,21.8261836071386,0.70459116234015,0.48304881101920194
1,terramind_v1_tiny,bio15,2048,0.5645934296042503,0.6795276050049858,18.758659333441283,22.577356052253123,0.6812342592477105,0.5797992124463924
2,terramind_v1_tiny,bio15,2048,0.5518976986719782,0.6424820808845434,18.72620402147152,21.79978412346368,0.6954089302005744,0.5451455480042352
3,terramind_v1_tiny,bio15,2048,0.5395424114593151,0.7174681054882327,18.160992876259044,24.149970354284036,0.708893986236667,0.4774436371480498
4,terramind_v1_tiny,bio15,2048,0.5598073071600408,0.7105920590308519,18.51055906981459,23.496399551592546,0.6866157788502238,0.5788709584185256
0,terramind_v1_tiny,bio15,4096,0.5216425219899871,0.6151544732005504,17.925994469335073,21.13948778858568,0.7278890792519259,0.5150657648355657
1,terramind_v1_tiny,bio15,4096,0.5418782027518912,0.6664124045681347,18.00394420963126,22.14160258848556,0.7063680133823802,0.5958628275365931
2,terramind_v1_tiny,bio15,4096,0.5268836712029178,0.6304532313402519,17.877463765679497,21.391638425734026,0.7223935970197356,0.5620181024389835
3,terramind_v1_tiny,bio15,4096,0.5155301129021715,0.7026894487258442,17.352739118309646,23.652520878877887,0.7342287026910742,0.49874951495807984
4,terramind_v1_tiny,bio15,4096,0.5359133820264774,0.6939546857533335,17.720483764163504,22.946269049065204,0.7127968469649428,0.5983602229463876
0,terramind_v1_tiny,bio15,8192,0.5096478323852769,0.6085916142656155,17.513802733638133,20.913958278583,0.7402590869449888,0.525357743050101
1,terramind_v1_tiny,bio15,8192,0.5292657959671887,0.6629742151788331,17.584896073137223,22.027368458634665,0.7198777172192181,0.6000221611208727
2,terramind_v1_tiny,bio15,8192,0.514074729536268,0.627869474205767,17.442849040398187,21.30397003799013,0.735727172452213,0.5656006678856803
3,terramind_v1_tiny,bio15,8192,0.5046714260211289,0.6980221527698086,16.987235813762858,23.4954197303117,0.7453067517578003,0.5053860594063532
4,terramind_v1_tiny,bio15,8192,0.5246587931916793,0.6880685513977522,17.348340119027046,22.751638414405598,0.7247331507266508,0.6051447567153341
0,terramind_v1_tiny,bio15,16384,0.5016470474161349,0.6031990657596135,17.23885962167845,20.728645923752048,0.7483502398186741,0.5337318044479258
1,terramind_v1_tiny,bio15,16384,0.5206891251463516,0.6548044356328336,17.29993553635915,21.755926928720022,0.7288828349543269,0.6098192141491331
2,terramind_v1_tiny,bio15,16384,0.5063870962566961,0.6193629199067205,17.18200323707873,21.01533777845491,0.7435721087447116,0.5772916627983833
3,terramind_v1_tiny,bio15,16384,0.4956649701347345,0.6931954536523306,16.68407858233126,23.332953101184774,0.7543162373813328,0.5122027445256578
4,terramind_v1_tiny,bio15,16384,0.514887752231853,0.6864941769472508,17.025251378829275,22.699580216980003,0.73489060260163,0.6069496315480959
